,strategy2,QQQ
2019-01-02,1.0,1.0
2019-01-03,1.0,0.9673291400441507
2019-01-04,1.0,1.00871601276106
2019-01-07,1.0,1.0207251656578986
2019-01-08,1.0,1.029958237019002
2019-01-09,1.0,1.038352003919368
2019-01-10,1.0,1.041321866347317
2019-01-11,1.0,1.037512493089204
2019-01-14,1.0,1.0283444280976928
2019-01-15,1.0,1.0484245861106358
2019-01-16,1.0,1.0482304956642816
2019-01-17,1.0,1.0564951784878858
2019-01-18,1.0,1.0669547033552986
2019-01-22,1.0,1.0455833950205946
2019-01-23,1.0,1.0469391389730933
2019-01-24,1.0,1.0537187873980096
2019-01-25,1.0,1.066308870232634
2019-01-28,1.0,1.0531376510907966
2019-01-29,1.0,1.0431945657151453
2019-01-30,1.0,1.0697311976298884
2019-01-31,1.0,1.0857435046770536
2019-02-01,1.0,1.0811590078500866
2019-02-04,1.0,1.09458901425373
2019-02-05,1.0,1.1042738282911435
2019-02-06,1.0,1.1009811008942194
2019-02-07,1.0,1.0861951441686502
2019-02-08,1.0,1.0883258053205753
2019-02-11,1.0,1.0872930295217658
2019-02-12,1.0,1.103370136569096
2019-02-13,1.0,1.1041446410296678
2019-02-14,1.0,1.1055005913515938
2019-02-15,1.0,1.1101491658857303
2019-02-19,1.0,1.1123449365919615
2019-02-20,1.0,1.1121510525150344
2019-02-21,1.0,1.1080835111033975
2019-02-22,1.0,1.1162830843726959
2019-02-25,1.0,1.1203512448926147
2019-02-26,1.0,1.1215132079529
2019-02-27,1.0,1.1208030907536384
2019-02-28,1.0,1.118220171001835
2019-03-01,1.0,1.125968001594823
2019-03-04,1.0,1.1261615761176091
2019-03-05,1.0,1.1270013965019143
2019-03-06,0.9999457570599105,1.1206090003072842
2019-03-07,1.0000090370414205,1.1068566448582335
2019-03-08,1.0013741217206196,1.105177829567332
2019-03-11,1.0025999831984485,1.128163256377486
2019-03-12,1.0012330931801219,1.1343619748646165
2019-03-13,1.002245603921631,1.1428846194723175
2019-03-14,1.002426411997632,1.140947636027892
2019-03-15,0.9997993021562473,1.1515360386026396
2019-03-18,0.9987253167723557,1.1542789978452968
2019-03-19,0.9983600899420988,1.158159981294675
2019-03-20,0.9994684284983282,1.1627523201598786
2019-03-21,0.9995443665452968,1.1809286170214741
2019-03-22,0.997828518440427,1.1549906628152629
2019-03-25,0.997085411887346,1.1527912806440541
2019-03-26,0.9984143328821882,1.158159981294675
2019-03-27,0.9996908214489599,1.1507209825496076
2019-03-28,1.0003760743836965,1.1533731392442628
2019-03-29,1.0006002726734557,1.1621057647442186
2019-04-01,1.0022853834571344,1.1775000985414015
2019-04-02,1.0016887214619337,1.181963043775702
2019-04-03,1.0027609015066976,1.188755383920396
2019-04-04,0.9984161382213157,1.188302712581663
2019-04-05,0.9997143270678581,1.1944474654635604
2019-04-08,0.9993961063025061,1.1974874934967834
2019-04-09,0.9992351879942568,1.1932828196007206
2019-04-10,0.9999132092267002,1.1996868756679921
2019-04-11,0.9985318558037877,1.1968406285269826
2019-04-12,0.9984016748167296,1.2020154451006764
2019-04-15,0.9981630131223842,1.2022093291776035
2019-04-16,0.9994250382845699,1.206349306258215
2019-04-17,0.9990399216865612,1.2105536706001367
2019-04-18,0.9994069538559457,1.2121058782474035
2019-04-22,0.9975066869968199,1.215534396727476
2019-04-23,0.9977146113699741,1.2309934273401106
2019-04-24,0.996767191121994,1.2271126502601597
2019-04-25,0.9947729069601668,1.2320931700180717
2019-04-26,0.9925146423866315,1.2331931190654601
2019-04-29,0.9949950731472958,1.2355861789441687
2019-04-30,0.9939057271558389,1.2260129075821984
2019-05-01,0.992071852263611,1.2220670209479414
2019-05-02,0.9960256454092629,1.216763326666913
2019-05-03,1.0003086106785999,1.236168347098518
2019-05-06,1.0004300819917182,1.2286002642766887
2019-05-07,0.9971855366926256,1.2046674986106178
2019-05-08,0.9963156182301036,1.2016273673926812
2019-05-09,0.9951949206440793,1.1951589240640992
2019-05-10,0.9942309642143735,1.1966466412653418
2019-05-13,0.9893288764225345,1.1551195405225976
2019-05-14,0.9914056995465053,1.1677976399179557
2019-05-15,0.9912646313847175,1.184292232316668
2019-05-16,0.9898461244805874,1.1961935571877542
2019-05-17,0.9830670666670672,1.1839687482394108
2019-05-20,0.9808452571326762,1.1639813532840289
2019-05-21,0.9817383849066214,1.1761418781557755
2019-05-22,0.9730253953265182,1.1709023647666301
2019-05-23,0.973188918136486,1.1529851647209812
2019-05-24,0.9694225899081109,1.1524033061207728
2019-05-28,0.9676172241707846,1.1480693417785206
2019-05-29,0.9673824915893756,1.138625567232167
2019-05-30,0.9660020092771926,1.1434119965437248
2019-05-31,0.962891226045733,1.125171209236105
2019-06-03,0.9584438588997767,1.1003972817844516
2019-06-04,0.9739563447756744,1.1313808653028812
2019-06-05,0.9746693744433874,1.1397896971714387
2019-06-06,0.9822767924477533,1.1488454971945108
2019-06-07,0.9825349746988206,1.1710319647669605
2019-06-10,0.9898175190851196,1.184680413209377
2019-06-11,0.9940605983402725,1.186297111302668
2019-06-12,0.9860141804799893,1.1794406934508044
2019-06-13,0.9903512013297049,1.186426711302998
2019-06-14,0.9885201492051433,1.181381597914348
2019-06-17,0.9951620839392331,1.1884963902891628
2019-06-18,1.0003310344083611,1.205767241288579
2019-06-19,1.0015604863473413,1.2102950897077582
2019-06-20,0.997933769266394,1.2215495496090434
2019-06-21,0.9977511435800777,1.2197386578846845
2019-06-24,0.9994873131846813,1.2197771457828717
2019-06-25,0.9962358573813508,1.198838387767741
2019-06-26,1.00123095170963,1.204413251476212
2019-06-27,1.0061890364685884,1.2090164247363475
2019-06-28,1.0072618134774505,1.2105720374791644
2019-07-01,1.0109241832229898,1.2269084477118686
2019-07-02,1.0065856831698252,1.2317705114185236
2019-07-03,1.0134675672268347,1.2410407292765369
2019-07-05,1.0106143546626982,1.2385126006076754
2019-07-08,1.006814787137174,1.229825892305289
2019-07-09,1.0067063751025902,1.2359843687541003
2019-07-10,1.0141689326652816,1.2483010120975822
2019-07-11,1.0182076291852868,1.2473936057258437
2019-07-12,1.0232011248264057,1.2545893981008647
2019-07-15,1.028279526159709,1.2586087522512326
2019-07-16,1.0274436378315854,1.2521260694321683
2019-07-17,1.0308007716383325,1.245967902537498
2019-07-18,1.030288655226719,1.2473936057258437
2019-07-19,1.0320287113199327,1.2382531942375878
2019-07-22,1.032415508763086,1.2481068184665143
2019-07-23,1.0382060599590361,1.256274817213439
2019-07-24,1.0432217937288777,1.265091331885583
2019-07-25,1.0168802861827693,1.253098585358213
2019-07-26,1.0175405778569142,1.265998944626749
2019-07-29,1.0222451283052076,1.261655487290842
2019-07-30,1.0267676950062548,1.2562099140285603
2019-07-31,1.0217694627684633,1.238836600608501
2019-08-01,1.0142847856540222,1.2326781241596896
2019-08-02,1.0120509084519955,1.214526901183508
2019-08-05,1.0011639343144045,1.1716111405646144
2019-08-06,1.0037599820484535,1.188012557166911
2019-08-07,1.00649378298876,1.19443043998581
2019-08-08,1.0125507478209501,1.2204256617080909
2019-08-09,1.0076942528672752,1.2089516247361825
2019-08-12,1.002049050277652,1.1950788527263156
2019-08-13,1.0089628507698212,1.2212687840032326
2019-08-14,0.995186278276589,1.1847708030185244
2019-08-15,0.9917899598938424,1.1834096934609164
2019-08-16,1.0018580531764363,1.2024042451016668
2019-08-19,1.0138526605967675,1.2215278808191794
2019-08-20,1.0112569848408905,1.2120632629606707
2019-08-21,1.010375467892357,1.2228244999307631
2019-08-22,1.0113784711211067,1.218870048965274
2019-08-23,0.9984356313935521,1.1802980552364282
2019-08-26,1.002758150545558,1.1981256909506388
2019-08-27,0.9996894843669442,1.1955971495429227
2019-08-28,1.0003551513953282,1.199875910063378
2019-08-29,1.0081593742795123,1.2182219457789094
2019-08-30,1.0109669273843778,1.2153047075549164
2019-09-03,1.0083092053380904,1.203506257843328
2019-09-04,1.0087107870935201,1.220879674448101
2019-09-05,1.0218169140287925,1.243244857944573
2019-09-06,1.0197297423819522,1.2420129356484406
2019-09-09,1.0237293779833987,1.2394199037947005
2019-09-10,1.027923256244621,1.2358546655690565
2019-09-11,1.0359985685839441,1.2474585089107224
2019-09-12,1.0351819015255144,1.2526446758029164
2019-09-13,1.0331692740250566,1.2481716184666793
2019-09-16,1.0304813078210127,1.2425967547582082
2019-09-17,1.0323169757293948,1.2485605216523834
2019-09-18,1.0307532415179381,1.2480421216510627
2019-09-19,1.0306399786308664,1.2501161343952003
2019-09-20,1.0239682272587782,1.2368917751258388
2019-09-23,1.0258201677850294,1.2374376222609875
2019-09-24,1.0128792286825052,1.221003392919754
2019-09-25,1.0202314133512718,1.2347091088782398
2019-09-26,1.028365103436652,1.230162274471751
2019-09-27,1.0242859215427438,1.2148972311207573
2019-09-30,1.025067686835104,1.2264592846533995
2019-10-01,1.0274290837171858,1.2164562489591242
2019-10-02,1.0257900948368317,1.1955400883962806
2019-10-03,1.0250640864710578,1.2086614693214306
2019-10-04,1.0245054966387561,1.2264592846533995
2019-10-07,1.030082931940522,1.2227570171280433
2019-10-08,1.0267070597178203,1.2044390476546218
2019-10-09,1.031907305243116,1.216196429850182
2019-10-10,1.033622999732788,1.2256150273264077
2019-10-11,1.0376296159570484,1.2413998120799996
2019-10-14,1.043718250778781,1.2412699025255285
2019-10-15,1.0510199400741405,1.2570545840944065
2019-10-16,1.052192981111984,1.253936445232959
2019-10-17,1.0535930448892932,1.2572493968337564
2019-10-18,1.0504271043462843,1.2451676018985163
2019-10-21,1.048251316390378,1.2562101203979876
2019-10-22,1.049563111590238,1.246206878334285
2019-10-23,1.0489955006112113,1.24861005031493
2019-10-24,1.0773753999981945,1.260756748435049
2019-10-25,1.0953178107536166,1.2708257191613395
2019-10-28,1.0950529328474525,1.2833621459448716
2019-10-29,1.0878065914642754,1.273423807066048
2019-10-30,1.087043497703547,1.279594975234637
2019-10-31,1.0869867329969536,1.2801793102679728
2019-11-01,1.0859713556610218,1.291806473354921
2019-11-04,1.0885949280172875,1.2997965816555328
2019-11-05,1.088437264315376,1.3005111357974806
2019-11-06,1.094340270540929,1.2975880160448103
2019-11-07,1.0999910292781871,1.3019402440813763
2019-11-08,1.1010000914051845,1.3071364198907933
2019-11-11,1.1060138801258617,1.3053828988672176
2019-11-12,1.1090662912556835,1.3091502759468796
2019-11-13,1.1090662912556835,1.309475204610128
2019-11-14,1.1090662912556835,1.3084357218049318
2019-11-15,1.1090662912556835,1.3180496479440755
2019-11-18,1.1090662912556835,1.3190888211951308
2019-11-19,1.1090662912556835,1.3210373613274837
2019-11-20,1.1090662912556835,1.313112672135319
2019-11-21,1.1090662912556835,1.310189965121503
2019-11-22,1.1090662912556835,1.311034119263781
2019-11-25,1.1090662912556835,1.3265590849084308
2019-11-26,1.1090662912556835,1.3290922696282605
2019-11-27,1.1090662912556835,1.3383808543653015
2019-11-29,1.1090662912556835,1.332275002120446
2019-12-02,1.1090662912556835,1.3186342925315524
2019-12-03,1.1090662912556835,1.3083059154351744
2019-12-04,1.1090662912556835,1.3149310963437735
2019-12-05,1.1090662912556835,1.3175299065414774
2019-12-06,1.1090662912556835,1.3316253511633767
2019-12-09,1.1090662912556835,1.3255842989186861
2019-12-10,1.1090662912556835,1.3244803256674658
2019-12-11,1.1090662912556835,1.3314958543477602
2019-12-12,1.1090662912556835,1.3414340900418702
2019-12-13,1.1090662912556835,1.3458515308174561
2019-12-16,1.1090662912556835,1.3593625372213058
2019-12-17,1.1090662912556835,1.3601419945481326
2019-12-18,1.1090662912556835,1.361181064614474
2019-12-19,1.1090662912556835,1.3696901920246884
2019-12-20,1.1090662912556835,1.3752116060514945
2019-12-23,1.1090662912556835,1.378844636633999
2019-12-24,1.1090662912556835,1.3795604289925107
2019-12-26,1.1090662912556835,1.3917337487687484
2019-12-27,1.1090662912556835,1.3905618799759538
2019-12-30,1.1090662912556835,1.3814485028826713
2019-12-31,1.1090662912556835,1.3840523691313436
2020-01-02,1.1090662912556835,1.4071621335214322
2020-01-03,1.1090662912556835,1.3942725054631147
2020-01-06,1.1090662912556835,1.403256282556067
2020-01-07,1.1090662912556835,1.4030608507084352
2020-01-08,1.1090662912556835,1.413606947550591
2020-01-09,1.1090662912556835,1.4255850418486242
2020-01-10,1.1090662912556835,1.421939113176915
2020-01-13,1.1090662912556835,1.4383443476136162
2020-01-14,1.1090662912556835,1.4326805386819885
2020-01-15,1.1090662912556835,1.4332668342248835
2020-01-16,1.1090662912556835,1.4470020610114702
2020-01-17,1.1090662912556835,1.4541631833227087
2020-01-21,1.1090662912556835,1.4535120877796486
2020-01-22,1.1090662912556835,1.4573528291907079
2020-01-23,1.1090662912556835,1.4620399948077452
2020-01-24,1.1090662912556835,1.449736559107609
2020-01-27,1.1090662912556835,1.419791220177812
2020-01-28,1.1090662912556835,1.4415991030359212
2020-01-29,1.1090662912556835,1.4439428406215105
2020-01-30,1.1090662912556835,1.4490853603798353
2020-01-31,1.1090662912556835,1.4261056087289314
2020-02-03,1.1090662912556835,1.4476533629239576
2020-02-04,1.1090662912556835,1.4807883477217538
2020-02-05,1.1090662912556835,1.4856705324475683
2020-02-06,1.1090662912556835,1.4984950509515798
2020-02-07,1.1090662912556835,1.492050236922421
2020-02-10,1.1090662912556835,1.510082178369636
2020-02-11,1.1090662912556835,1.51034261658686
2020-02-12,1.1090662912556835,1.5250551057963186
2020-02-13,1.1090662912556835,1.5231020255365657
2020-02-14,1.1090662912556835,1.5274634370126456
2020-02-18,1.1090662912556835,1.5280495261861133
2020-02-19,1.1090662912556835,1.5426964931024114
2020-02-20,1.1090662912556835,1.5283748675882163
2020-02-21,1.1090662912556835,1.499015617831887
2020-02-24,1.1090662912556835,1.441208239340658
2020-02-25,1.1090662912556835,1.40201940739368
2020-02-26,1.1090662912556835,1.4092453297050835
2020-02-27,1.1090662912556835,1.3386788518182902
2020-02-28,1.1081671131093243,1.3397205015024727
2020-03-02,1.1143437511427594,1.4088546723792477
2020-03-03,1.1144981050576213,1.3636766900985393
2020-03-04,1.1148239633223298,1.4205724316447705
2020-03-05,1.1127855009398264,1.3774123296239804
2020-03-06,1.1110655506411606,1.354172036571139
2020-03-09,1.1032677852650872,1.2601051369684206
2020-03-10,1.118740931719839,1.3287189473343157
2020-03-11,1.1080402581138533,1.2708465624734944
2020-03-12,1.0789192925595468,1.1543207876543204
2020-03-13,1.121096105872229,1.2520984159289132
2020-03-16,1.0293830227673233,1.1021119021709858
2020-03-17,1.0482743630622602,1.1856983304094224
2020-03-18,1.008575488335218,1.1496340347761376
2020-03-19,1.0465471116975744,1.156534202946584
2020-03-20,1.03223751412841,1.111225588818409
2020-03-23,1.036665658464208,1.1120282627058045
2020-03-24,1.1135358884231938,1.198141065472971
2020-03-25,1.1164167794549287,1.189268831055462
2020-03-26,1.1397994492901793,1.2518960707054676
2020-03-27,1.1138069827557464,1.2088397725065982
2020-03-30,1.134025069293361,1.2528094617905974
2020-03-31,1.142007306970637,1.242110238833402
2020-04-01,1.0956570981052236,1.189333940609768
2020-04-02,1.094798067453068,1.2134714247476979
2020-04-03,1.0917601727423074,1.1962488641942646
2020-04-06,1.150557397257428,1.281774752310254
2020-04-07,1.1580744627316961,1.2812528440286697
2020-04-08,1.1737649075828598,1.308456461932373
2020-04-09,1.182735272644078,1.3103485600263658
2020-04-13,1.2231060268590177,1.3245047804445982
2020-04-14,1.2733227812205419,1.3821089882346727
2020-04-15,1.2761965837246518,1.3662565143089338
2020-04-16,1.291316939268258,1.391176964053954
2020-04-17,1.2964965138589553,1.4044851093107902
2020-04-20,1.2846893642103119,1.3878500825168154
2020-04-21,1.2367803834507671,1.336638683660226
2020-04-22,1.280193811480009,1.376302990767651
2020-04-23,1.2706711613379125,1.3733673856646302
2020-04-24,1.2895615974085692,1.3950258570573908
2020-04-27,1.3194793831306981,1.4062466787420298
2020-04-28,1.294776431460301,1.3797607105216834
2020-04-29,1.3354332655747978,1.4286880125571668
2020-04-30,1.336163353566304,1.4281013042754174
2020-05-01,1.2918484646584967,1.3878500825168154
2020-05-04,1.3253029981316353,1.4040286201376526
2020-05-05,1.3356148611617766,1.4199464099871246
2020-05-06,1.3458199706843437,1.4286880125571668
2020-05-07,1.3541275397694168,1.447085227890663
2020-05-08,1.378946214620391,1.4669168139284505
2020-05-11,1.385942011365056,1.4800296305223686
2020-05-12,1.3771842602477453,1.4490421259848207
2020-05-13,1.3613049757258886,1.4309059679768306
2020-05-14,1.3692490175320984,1.4471502342602554
2020-05-15,1.3720992506659848,1.4565444801440623
2020-05-18,1.3843897391569984,1.4836828853087463
2020-05-19,1.3823502826431335,1.4799641082292079
2020-05-20,1.4011430088720265,1.5095167261388962
2020-05-21,1.4036803966032796,1.493076924823126
2020-05-22,1.401055087158238,1.4982308980846648
2020-05-26,1.4008753172351667,1.494185850940601
2020-05-27,1.4020171925083613,1.5023402293053254
2020-05-28,1.3960954528719927,1.5003832280264542
2020-05-29,1.4095217621964382,1.522368588592022
2020-06-01,1.4358898537617535,1.5269349249093884
2020-06-02,1.4316119320314806,1.5371770395851645
2020-06-03,1.4328447066600183,1.544092582277943
2020-06-04,1.421020699716888,1.5332628306579945
2020-06-05,1.4375560228376547,1.563663523729079
2020-06-08,1.4638647724068734,1.5757975301294205
2020-06-09,1.4642467183854255,1.5872138868464047
2020-06-10,1.4654398720386554,1.606263332754811
2020-06-11,1.4595025135789363,1.5266737643991688
2020-06-12,1.460544419943018,1.538808183538365
2020-06-15,1.4612837444035787,1.5575311530128182
2020-06-16,1.4637163340791193,1.5842783849280977
2020-06-17,1.4642902354557252,1.5893013136033154
2020-06-18,1.4625487230541088,1.5936071085187442
2020-06-19,1.4616524460563873,1.593346154377952
2020-06-22,1.4641124849608862,1.6124545187578458
2020-06-23,1.4653718165802203,1.6261779824870777
2020-06-24,1.4624144896295694,1.5926534753952954
2020-06-25,1.4632086252228218,1.6078150244785097
2020-06-26,1.455781280116977,1.5698462485855955
2020-06-29,1.459055335657547,1.5869677913043765
2020-06-30,1.461029409686694,1.618074783740318
2020-07-01,1.463293752762682,1.6369609914317478
2020-07-02,1.4659343365692095,1.648070373625657
2020-07-06,1.46874422943219,1.6885878119454467
2020-07-07,1.467824272744376,1.6769553864381028
2020-07-08,1.4691176612013357,1.6990436221631684
2020-07-09,1.4705415135439697,1.7133552387601407
2020-07-10,1.4724654628941494,1.7250530833759314
2020-07-13,1.4724654628941494,1.6895678603555868
2020-07-14,1.4724654628941494,1.7015269686663108
2020-07-15,1.4724654628941494,1.7049908795031614
2020-07-16,1.4724654628941494,1.693358660365245
2020-07-17,1.4724654628941494,1.6953187571855255
2020-07-20,1.4724654628941494,1.7434169700469222
2020-07-21,1.4724654628941494,1.7252494438859858
2020-07-22,1.4724654628941494,1.73132661078045
2020-07-23,1.4724654628941494,1.6861044654423043
2020-07-24,1.4724654628941494,1.6700934997964165
2020-07-27,1.4724654628941494,1.6998932450952695
2020-07-28,1.4724654628941494,1.678262220836337
2020-07-29,1.4724654628941494,1.6976059495480407
2020-07-30,1.4724654628941494,1.7064935584878818
2020-07-31,1.4724654628941494,1.736946875762922
2020-08-03,1.4724654628941494,1.760407777733523
2020-08-04,1.4724654628941494,1.7669432911259702
2020-08-05,1.4724654628941494,1.7713214185256596
2020-08-06,1.4724654628941494,1.794781907757406
2020-08-07,1.4724654628941494,1.774065719169594
2020-08-10,1.4724654628941494,1.7664851509974144
2020-08-11,1.4724654628941494,1.7330262693835063
2020-08-12,1.4724654628941494,1.776614587965897
2020-08-13,1.4724654628941494,1.7806662389316337
2020-08-14,1.4724654628941494,1.7785746847861776
2020-08-17,1.4724654628941494,1.7992254542655426
2020-08-18,1.4724654628941494,1.8165439766026599
2020-08-19,1.4724654628941494,1.8043233982275755
2020-08-20,1.4724654628941494,1.8293520887372028
2020-08-21,1.4724654628941494,1.8420306008714156
2020-08-24,1.4724654628941494,1.8535313626841563
2020-08-25,1.4724654628941494,1.8681045525302027
2020-08-26,1.4724654628941494,1.9079685220585185
2020-08-27,1.4724654628941494,1.902021987011521
2020-08-28,1.4724654628941494,1.9116936965903024
2020-08-31,1.4724654628941494,1.92705129662943
2020-09-01,1.4724654628941494,1.9599876508534717
2020-09-02,1.4724654628941494,1.978547278926235
2020-09-03,1.4724654628941494,1.87823440223754
2020-09-04,1.4724654628941494,1.8532055053584853
2020-09-08,1.4724654628941494,1.7641327458958795
2020-09-09,1.488549717674582,1.815955617365492
2020-09-10,1.4908060645150882,1.779751403260513
2020-09-11,1.4914214299795443,1.7674006057768168
2020-09-14,1.512334986539324,1.7981801931163826
2020-09-15,1.5257749446895663,1.8236668173851385
2020-09-16,1.5222075947595664,1.7945856504320654
2020-09-17,1.5140339190060013,1.7665507764752886
2020-09-18,1.522381509268951,1.7440051229146627
2020-09-21,1.5279183454896519,1.7481876120972932
2020-09-22,1.517931606090858,1.7806662389316337
2020-09-23,1.4950277500078784,1.7262950145892866
2020-09-24,1.4991246279830963,1.7343325878581721
2020-09-25,1.5107348958340125,1.774654078406762
2020-09-28,1.5188247090953004,1.8115120708573555
2020-09-29,1.517255068756673,1.8033433498174354
2020-09-30,1.522912922694379,1.8156941473011317
2020-10-01,1.5321504738981573,1.844513844189844
2020-10-02,1.5147179669854665,1.7926255536117848
2020-10-05,1.5219196168608944,1.8308554900149185
2020-10-06,1.514322765171221,1.7981801931163826
2020-10-07,1.5207384625646219,1.8292872887370377
2020-10-08,1.5209365702364344,1.8390246237936934
2020-10-09,1.5259645088278773,1.8671251232283443
2020-10-12,1.5349592053989105,1.9247638978974877
2020-10-13,1.5345478250103877,1.9246982724196133
2020-10-14,1.5411446391375716,1.9086225067735605
2020-10-15,1.5352643621490873,1.8958143946390176
2020-10-16,1.5299533996163368,1.88542307486732
2020-10-19,1.523845620276346,1.8546424556806178
2020-10-20,1.5209714742637723,1.8586297193850438
2020-10-21,1.5208276502264804,1.8571911181074934
2020-10-22,1.5214343088343314,1.857126111737901
2020-10-23,1.518627555848983,1.8607860735306652
2020-10-26,1.5184786044142262,1.8328814186825004
2020-10-27,1.521544931260986,1.8471925193559044
2020-10-28,1.5093768271445405,1.7751768121660556
2020-10-29,1.5144570329522362,1.8062182823088364
2020-10-30,1.4996920950713215,1.760407777733523
2020-11-02,1.5051885483475305,1.7643290032212204
2020-11-03,1.5168083886124766,1.7948475332352802
2020-11-04,1.5187194840663414,1.8749663359871753
2020-11-05,1.5292559698808765,1.923849062226367
2020-11-06,1.5255298619889859,1.925286425287354
2020-11-09,1.5199633944367121,1.885945395887759
2020-11-10,1.514853109803513,1.8521594187316164
2020-11-11,1.5203841564633018,1.8935922086460948
2020-11-12,1.5177897199083343,1.884704290152113
2020-11-13,1.5163717124246539,1.901237783187867
2020-11-16,1.5169311301608452,1.9160722367288465
2020-11-17,1.5312288377238916,1.9099944507261004
2020-11-18,1.5503379074292727,1.8958781627920462
2020-11-19,1.5564052034427664,1.910713441810735
2020-11-20,1.5554774172275103,1.8976432405035497
2020-11-23,1.5529866434663753,1.8977092787202785
2020-11-24,1.553928725214004,1.9243715896162334
2020-11-25,1.5545424916519084,1.9362000660794907
2020-11-27,1.5549421445261566,1.954040290328765
2020-11-30,1.5566978275546541,1.9580271412943366
2020-12-01,1.5593170593669745,1.983121457281838
2020-12-02,1.559573992281026,1.985670326078141
2020-12-03,1.5594740692556504,1.9884802521999496
2020-12-04,1.5589816271124788,1.9965839668702776
2020-12-07,1.560052150099612,2.007889503204814
2020-12-08,1.5605017728923885,2.0146862802921945
2020-12-09,1.5586462004618764,1.9690714139339398
2020-12-10,1.5596881716115194,1.9769792840177816
2020-12-11,1.5590958176507592,1.9726005375098103
2020-12-14,1.5586462004618764,1.986912050922069
2020-12-15,1.5629996916177629,2.00815056053032
2020-12-16,1.5629497160953412,2.0191956586476323
2020-12-17,1.5635849118220708,2.0323960790634295
2020-12-18,1.5621289866619135,2.026252461213382
2020-12-21,1.5632494795675749,2.0224620739425787
2020-12-22,1.5658544438669906,2.027961406440666
2020-12-23,1.5651978524747974,2.017748389854136
2020-12-24,1.565918653278956,2.026652405163446
2020-12-28,1.5692872769601798,2.0470784383365057
2020-12-29,1.5692872769601798,2.048912030697865
2020-12-30,1.5692872769601798,2.04897683069803
2020-12-31,1.5692872769601798,2.0540180230675618
2021-01-04,1.5692872769601798,2.0250156892357087
2021-01-05,1.5692872769601798,2.041709944055312
2021-01-06,1.5692872769601798,2.0134276331552297
2021-01-07,1.5692872769601798,2.0621365963366536
2021-01-08,1.5692872769601798,2.0886513530921054
2021-01-11,1.5692872769601798,2.0584698243527892
2021-01-12,1.5692872769601798,2.05519680523617
2021-01-13,1.5692872769601798,2.06907618106771
2021-01-14,1.5692872769601798,2.0580114778548064
2021-01-15,1.5692872769601798,2.041709944055312
2021-01-19,1.5692872769601798,2.0714983390356645
2021-01-20,1.5692872769601798,2.119683123871804
2021-01-21,1.5692872769601798,2.1366394678640495
2021-01-22,1.5692872769601798,2.1304857379120654
2021-01-25,1.5692872769601798,2.1480964793582076
2021-01-26,1.5692872769601798,2.151239692105069
2021-01-27,1.5692872769601798,2.0912697683854007
2021-01-28,1.5692872769601798,2.103643472875525
2021-01-29,1.5692872769601798,2.059386310979328
2021-02-01,1.5692872769601798,2.110845559518078
2021-02-02,1.5692872769601798,2.1452818067395714
2021-02-03,1.5692872769601798,2.136770925189225
2021-02-04,1.5692872769601798,2.1620412742981943
2021-02-05,1.5692872769601798,2.1693737864187868
2021-02-08,1.5692872769601798,2.183908178812505
2021-02-09,1.5692872769601798,2.1834498323145217
2021-02-10,1.5692872769601798,2.1784740590534373
2021-02-11,1.5692872769601798,2.190455455262307
2021-02-12,1.5692872769601798,2.202697702427255
2021-02-16,1.5692872769601798,2.196740229800612
2021-02-17,1.5692872769601798,2.1861994985635658
2021-02-18,1.5692872769601798,2.1766410858003593
2021-02-19,1.5692872769601798,2.1671485048844548
2021-02-22,1.5692872769601798,2.1109763977349716
2021-02-23,1.5692872769601798,2.1046910040883846
2021-02-24,1.5741354387751492,2.122040069100739
2021-02-25,1.5674212136024308,2.0480605504409186
2021-02-26,1.5666667086834962,2.0566368510997117
2021-03-01,1.571486802709894,2.118505167180905
2021-03-02,1.5678950303562913,2.0845262346102578
2021-03-03,1.5641629087804725,2.024033164392441
2021-03-04,1.5605969581755943,1.9909057120787406
2021-03-05,1.557959547169896,2.020890570753861
2021-03-08,1.5494823215838032,1.963670726022091
2021-03-09,1.5825275876079092,2.0411213784487168
2021-03-10,1.5808410590572606,2.0352939185612584
2021-03-11,1.5920024748276553,2.0821697021201775
2021-03-12,1.5896594876483765,2.0652785708669517
2021-03-15,1.5953473339622741,2.087341526337176
2021-03-16,1.5884821295479368,2.0987989505701883
2021-03-17,1.5948632131605722,2.1074408767068555
2021-03-18,1.5789266829396882,2.042888519854493
2021-03-19,1.580165368437211,2.0500901937581917
2021-03-22,1.5861114235549152,2.08853578621283
2021-03-23,1.583437714209577,2.079424575998534
2021-03-24,1.5728431834774985,2.0443537427881626
2021-03-25,1.574577514663246,2.0408143007409283
2021-03-26,1.5713511970109417,2.0714269352138266
2021-03-29,1.5702801257182957,2.070837337760095
2021-03-30,1.5756700235052203,2.0604146498354514
2021-03-31,1.586692330595442,2.0919452155208793
2021-04-01,1.5882918376029957,2.127604614337846
2021-04-05,1.5965735270467594,2.1700820462932024
2021-04-06,1.5958694722475724,2.168574311257514
2021-04-07,1.5927459284189363,2.1738183647740597
2021-04-08,1.5970177257779588,2.196499190309552
2021-04-09,1.5959280747416207,2.2098060973498246
2021-04-12,1.6073903553689655,2.206921878234196
2021-04-13,1.6251713082329369,2.232684005688367
2021-04-14,1.617872875942926,2.2058731088047723
2021-04-15,1.6194785872289137,2.239304336915425
2021-04-16,1.6197041598136452,2.2419264668584113
2021-04-19,1.613603951417436,2.221409424767922
2021-04-20,1.6146614755773476,2.205217473134312
2021-04-21,1.6207568318757262,2.224096767449928
2021-04-22,1.6148312656918247,2.1972860769357605
2021-04-23,1.6171864539930698,2.224948454076302
2021-04-26,1.619320921807414,2.239435381501746
2021-04-27,1.611205094235715,2.229734161094864
2021-04-28,1.6086970926108008,2.222195692285849
2021-04-29,1.604476677960419,2.2301933330705563
2021-04-30,1.612345092955549,2.215574948319936
2021-05-03,1.6063928457851784,2.2037757763153523
2021-05-04,1.603651998980386,2.1641173507366047
2021-05-05,1.6030068032072924,2.1568407647308043
2021-05-06,1.6012119045187034,2.173097722734007
2021-05-07,1.603353656031393,2.1907313711865766
2021-05-10,1.5928438233758035,2.1354051723195036
2021-05-11,1.5899720032391795,2.1324551213565734
2021-05-12,1.583347879309246,2.07726161803124
2021-05-13,1.5789334140552336,2.093321905970247
2021-05-14,1.5833114941271151,2.139534624559324
2021-05-17,1.5801801367209447,2.12655605127785
2021-05-18,1.5804323902921458,2.1121999620692993
2021-05-19,1.5769372032710665,2.114625215578663
2021-05-20,1.582593539092959,2.1555290806510294
2021-05-21,1.581162470019279,2.143599276798979
2021-05-24,1.5873621297662188,2.179652428483191
2021-05-25,1.5869376655832248,2.1826683112934226
2021-05-26,1.5904401251994507,2.190271992841457
2021-05-27,1.5932828549554883,2.1820783011008364
2021-05-28,1.591917272547724,2.188960927869964
2021-06-01,1.5915971007100924,2.1816847546030185
2021-06-02,1.5870419579285873,2.1859458705374415
2021-06-03,1.579212348612904,2.163199213154648
2021-06-04,1.5855696626781446,2.19990800050932
2021-06-07,1.587044389529102,2.2064631189973585
2021-06-08,1.5866708557185318,2.2075118884267817
2021-06-09,1.5855041760122286,2.2080362731414938
2021-06-10,1.5882547270126826,2.231044194219221
2021-06-11,1.5881989334392292,2.2368790834060612
2021-06-14,1.590090851878034,2.2583148821867893
2021-06-15,1.5856448535397218,2.243565246480421
2021-06-16,1.5869813233605021,2.2353711420009454
2021-06-17,1.5898264736138557,2.2637551930286754
2021-06-18,1.5914540026852835,2.245990706359212
2021-06-21,1.5908524646894673,2.259949740789681
2021-06-22,1.5915510224354992,2.281015725556728
2021-06-23,1.5995213203818746,2.2821315650500167
2021-06-24,1.6051606794129591,2.2962414555318253
2021-06-25,1.603232375792024,2.293419766352662
2021-06-28,1.607319396613258,2.3213112135574807
2021-06-29,1.6053886724950068,2.3297116874642336
2021-06-30,1.6051315668259751,2.326036041594996
2021-07-01,1.604699818944636,2.3269550046546623
2021-07-02,1.6049375273255435,2.353666225104882
2021-07-06,1.6002514001090078,2.3638379678059565
2021-07-07,1.596630080750729,2.3688257104938235
2021-07-08,1.598609314744088,2.3545189435783924
2021-07-09,1.5996134880342596,2.369219463361069
2021-07-12,1.60658688528561,2.3784732748496134
2021-07-13,1.6024246736027987,2.3784732748496134
2021-07-14,1.5987475717742652,2.382739137280864
2021-07-15,1.5980732745173865,2.3660038149452327
2021-07-16,1.5965257884053665,2.3468403499282555
2021-07-19,1.5970108871564457,2.327611465802832
2021-07-20,1.6004745521964234,2.3546499881647134
2021-07-21,1.5992108416367057,2.372828658274723
2021-07-22,1.5977482505819243,2.388513972964367
2021-07-23,1.5963220447092734,2.4164060392774678
2021-07-26,1.5997759944503913,2.418309384505247
2021-07-27,1.596661613835029,2.3916639959023285
2021-07-28,1.5971952335644146,2.4008517691741447
2021-07-29,1.6045615730176574,2.4051182507136772
2021-07-30,1.6069507149005187,2.3925827525925674
2021-08-02,1.6124008865290023,2.392780041765045
2021-08-03,1.6124178633198103,2.407283478744671
2021-08-04,1.612704070472627,2.410761422702577
2021-08-05,1.613603951417436,2.426052571786121
2021-08-06,1.6098371024338336,2.4154212443705
2021-08-09,1.6133929240229978,2.4198841896048005
2021-08-10,1.6124784978878954,2.407480355178294
2021-08-11,1.611952161856855,2.403345950072219
2021-08-12,1.6154522009757648,2.4120085131516142
2021-08-13,1.6142200346035458,2.420474612536241
2021-08-16,1.6067008818266337,2.421524826551656
2021-08-17,1.6017382516529426,2.4001957207648297
2021-08-18,1.607384883279174,2.3770949334448277
2021-08-19,1.603620465896086,2.388579598442241
2021-08-20,1.6052673922556375,2.4133212290785253
2021-08-23,1.6115834801441158,2.44941586101762
2021-08-24,1.6121146682729868,2.4568973718647067
2021-08-25,1.6127719887390577,2.459720092891007
2021-08-26,1.6103367574784047,2.444100816418091
2021-08-27,1.6129466309513654,2.4678578585168354
2021-08-30,1.6175527152084932,2.495552429288032
2021-08-31,1.6187193949147964,2.4935174203656496
2021-09-01,1.6183240322155878,2.497652444580006
2021-09-02,1.6179116927255712,2.496471392347698
2021-09-03,1.618197899878388,2.504149779628407
2021-09-07,1.6228912996900704,2.5076931426947597
2021-09-08,1.6231217243726326,2.4989651605069176
2021-09-09,1.6233618532508562,2.490368222905397
2021-09-10,1.618852799847143,2.4714672597999168
2021-09-13,1.6204851810164014,2.4697605846363326
2021-09-14,1.6208465790307953,2.462738245764938
2021-09-15,1.623597130031249,2.481048992308405
2021-09-16,1.623878496189434,2.48275484199428
2021-09-17,1.6244848751798822,2.4533538024289268
2021-09-20,1.617373220898355,2.4026595653570944
2021-09-21,1.6196071400634295,2.40561601377227
2021-09-22,1.6226536024123615,2.4280857233836577
2021-09-23,1.623065941902378,2.450489394778317
2021-09-24,1.6280989219430144,2.4527887629370415
2021-09-27,1.6322150553512325,2.4332098762629553
2021-09-28,1.6288678184527932,2.36435616143785
2021-09-29,1.6297773924900647,2.360479718115872
2021-09-30,1.6283633113103912,2.351807662042822
2021-10-01,1.6283002451417914,2.366392614946223
2021-10-04,1.6298307544630033,2.316723827558532
2021-10-05,1.6296027391745584,2.3479970505681456
2021-10-06,1.6301266547082829,2.3630424136638024
2021-10-07,1.6327607997735956,2.384723172954709
2021-10-08,1.6307912477695004,2.372831753816132
2021-10-11,1.6323557328787255,2.354632446763395
2021-10-12,1.6356981065761356,2.3464199754048916
2021-10-13,1.6369981801115867,2.3652101181279237
2021-10-14,1.6387542842239275,2.408769751359923
2021-10-15,1.6447477686742595,2.423946159041901
2021-10-18,1.6513161101339386,2.4483208648364863
2021-10-19,1.6498995862505517,2.466848712017449
2021-10-20,1.650270699563806,2.463629348951922
2021-10-21,1.6571106918828096,2.478674712047579
2021-10-22,1.6571106918828096,2.457847703077319
2021-10-25,1.6571106918828096,2.4830109464535313
2021-10-26,1.6571106918828096,2.49082883946708
2021-10-27,1.6571106918828096,2.496611517188819
2021-10-28,1.6571106918828096,2.524336217896398
2021-10-29,1.6571106918828096,2.5367534663356777
2021-11-01,1.6571106918828096,2.545426141517009
2021-11-02,1.6571106918828096,2.5560698510982673
2021-11-03,1.6571106918828096,2.583203716135551
2021-11-04,1.6571106918828096,2.616316722589342
2021-11-05,1.6571106918828096,2.618813586289971
2021-11-08,1.6571106918828096,2.615265683096218
2021-11-09,1.6571106918828096,2.5972638715853855
2021-11-10,1.6571106918828096,2.559092131360744
2021-11-11,1.6571106918828096,2.566188144117677
2021-11-12,1.6571106918828096,2.5931903454603575
2021-11-15,1.6571106918828096,2.592598684312353
2021-11-16,1.6571106918828096,2.6110611123848693
2021-11-17,1.6571106918828096,2.6124408983756457
2021-11-18,1.6571106918828096,2.6395093443044826
2021-11-19,1.6571106918828096,2.6542257545330594
2021-11-22,1.6571106918828096,2.62341232260742
2021-11-23,1.6571106918828096,2.611455484360396
2021-11-24,1.6571106918828096,2.6198648321525217
2021-11-26,1.6571106918828096,2.5701952192871214
2021-11-29,1.6571106918828096,2.6259750181553505
2021-11-30,1.6571106918828096,2.5874086995857546
2021-12-01,1.6571106918828096,2.5433892752697815
2021-12-02,1.6571106918828096,2.5617200396476942
2021-12-03,1.6571106918828096,2.5171749924004456
2021-12-06,1.6571106918828096,2.5373453338531093
2021-12-07,1.6571106918828096,2.613754233410839
2021-12-08,1.6571106918828096,2.625449395224075
2021-12-09,1.6571106918828096,2.586817451176605
2021-12-10,1.6571106918828096,2.6149375557068475
2021-12-13,1.6571106918828096,2.5771599810883057
2021-12-14,1.6564333828361595,2.550485288026714
2021-12-15,1.6579320357543623,2.608629667792687
2021-12-16,1.6537250022242684,2.5415505236727403
2021-12-17,1.6542094066465693,2.5288699478442545
2021-12-20,1.6514118657308052,2.5043396395015023
2021-12-21,1.654720388830021,2.56038709951691
2021-12-22,1.660751020983022,2.5915689008702394
2021-12-23,1.665734814308078,2.61110651365887
2021-12-27,1.6680445285027041,2.6542610437051235
2021-12-28,1.6675755558224066,2.6419591557756923
2021-12-29,1.6673800766246203,2.641563958322456
2021-12-30,1.6660211728084648,2.6336703277290963
2021-12-31,1.6648586037648045,2.6172247480693622
2022-01-03,1.6771187617181207,2.6424199787068026
2022-01-04,1.672815699738552,2.6081461442245764
2022-01-05,1.6675455479131094,2.5280211503898626
2022-01-06,1.6655376239608732,2.5262449287292865
2022-01-07,1.6623019738488178,2.4988784853474613
2022-01-10,1.6649734862551193,2.5005232496828618
2022-01-11,1.6655119017744313,2.538086200097035
2022-01-12,1.6690973563536142,2.548151249804207
2022-01-13,1.6626963545432272,2.484406416520781
2022-01-14,1.6653919649334994,2.4998655503181286
2022-01-18,1.6605041091139683,2.437633611306073
2022-01-19,1.6549001004650874,2.4108592418111066
2022-01-20,1.652084606203555,2.3795459831326014
2022-01-21,1.645167064051996,2.31356472436577
2022-01-24,1.6465685012120452,2.3241560161124992
2022-01-25,1.6373444496887999,2.2702785306249136
2022-01-26,1.6398788266530386,2.266726500042615
2022-01-27,1.6254100035845709,2.2438991522137557
2022-01-28,1.6390899716637963,2.31428784283895
2022-01-31,1.6732422271747387,2.38829542774088
2022-02-01,1.6757615886783268,2.4045441309669915
2022-02-02,1.6759140522196392,2.424082362863904
2022-02-03,1.6345387549923145,2.325800574078473
2022-02-04,1.653399149549366,2.3551397028156424
2022-02-07,1.6459212959443907,2.336194576652725
2022-02-08,1.6485631950353667,2.3624420849998526
2022-02-09,1.6727191175773264,2.4125037997770797
2022-02-10,1.6565722405799241,2.3579031958163137
2022-02-11,1.6239935348449666,2.283106454224475
2022-02-14,1.6283161280759422,2.2859355727030204
2022-02-15,1.6560445369254868,2.3427728085166186
2022-02-16,1.6528714429741005,2.342180940999187
2022-02-17,1.619958865252852,2.2725155752166
2022-02-18,1.6078180533397852,2.246596194258844
2022-02-22,1.5942027050918515,2.2240323801886177
2022-02-23,1.5701645439496843,2.167063067941562
2022-02-24,1.5989049172946133,2.23988609233092
2022-02-25,1.6075832355904718,2.274620543374829
2022-02-28,1.6206705177099083,2.2813964771500546
2022-03-01,1.6045939241853178,2.2464647369336683
2022-03-02,1.6175801336492364,2.2841589383035896
2022-03-03,1.5992427752038596,2.2515300745261912
2022-03-04,1.5896147276767296,2.2189010043793655
2022-03-07,1.5555820186479132,2.137065207992523
2022-03-08,1.5634319396865757,2.127132028349381
2022-03-09,1.5933220938008787,2.203704785232369
2022-03-10,1.586859013758794,2.179233498545818
2022-03-11,1.563819923468162,2.134039419449782
2022-03-14,1.5497759423800552,2.0930561021479135
2022-03-15,1.5781871336453812,2.158708614417092
2022-03-16,1.6150844110772913,2.2387675700350766
2022-03-17,1.6309451157546238,2.2658710987665507
2022-03-18,1.663007812376172,2.312248706528022
2022-03-21,1.6609752691770785,2.3058209179766136
2022-03-22,1.6820910971505754,2.3511361359264615
2022-03-23,1.6716778721037957,2.3173476823371915
2022-03-24,1.7001678053044138,2.368853570366506
2022-03-25,1.7002410226954119,2.3668779958391797
2022-03-28,1.723646513069086,2.4034990761872588
2022-03-29,1.7369762849125419,2.4448629387130265
2022-03-30,1.724841514435657,2.417857641828937
2022-03-31,1.7095155642664288,2.387889292707998
2022-04-01,1.7106988192439507,2.3833444188110686
2022-04-04,1.7416654171142487,2.4324141157513735
2022-04-05,1.7166587663965123,2.378404347460903
2022-04-06,1.6829632122014728,2.326765763889849
2022-04-07,1.6826750696414359,2.3322985282351554
2022-04-08,1.6666532100068596,2.299695460636167
2022-04-11,1.639257565741108,2.2452900821536055
2022-04-12,1.6350442670259568,2.2358055496453644
2022-04-13,1.650231574198882,2.2812526376592426
2022-04-14,1.6280163228553732,2.2290871929403497
2022-04-18,1.636574785391009,2.230799646447897
2022-04-19,1.655982729685857,2.2806599446641016
2022-04-20,1.615803353121621,2.2473979394838164
2022-04-21,1.5922504549220315,2.200896716435406
2022-04-22,1.5792216683754199,2.143264339218508
2022-04-25,1.5894097086021324,2.1707960845115823
2022-04-26,1.5397810156910092,2.0888599925830826
2022-04-27,1.528420184316135,2.086357144169063
2022-04-28,1.5937964532267728,2.1604553252495675
2022-04-29,1.5537448370067874,2.0632388154477423
2022-05-02,1.5891044687666356,2.0976853811405998
2022-05-03,1.591701376459181,2.0999246957959863
2022-05-04,1.631093923542804,2.1709279545756126
2022-05-05,1.5603996046611441,2.061591368309787
2022-05-06,1.5476580234161337,2.0368914242978127
2022-05-09,1.4917510054011953,1.9571942342858453
2022-05-10,1.5059080250714922,1.9809715005884625
2022-05-11,1.4612178151706516,1.9222199819674395
2022-05-12,1.457034538500581,1.9176757271787916
2022-05-13,1.5200895878718605,1.9887435795891557
2022-05-16,1.49653677523582,1.9656912890845637
2022-05-17,1.5379462845403198,2.0166053095964465
2022-05-18,1.4635401484262487,1.9176086571149265
2022-05-19,1.4622852738550596,1.9073337297002133
2022-05-20,1.445475069214031,1.9014057679016707
2022-05-23,1.4622241577628932,1.9330213577911373
2022-05-24,1.4049129506906908,1.8919214417628571
2022-05-25,1.4355114034800631,1.9183994647602534
2022-05-26,1.4856709708839417,1.9715525935580958
2022-05-27,1.5356426546380748,2.0359035338494356
2022-05-31,1.5407667776246805,2.0305026395681596
2022-06-01,1.526315499931151,2.015485342714612
2022-06-02,1.581351741638112,2.0706807033647916
2022-06-03,1.5242644472134697,2.016803011507778
2022-06-06,1.539447465141167,2.0235213682127933
2022-06-07,1.543273338933817,2.0409750625247773
2022-06-08,1.5386264930622353,2.026287337646592
2022-06-09,1.4946296842331106,1.9720138292280607
2022-06-10,1.439262776373467,1.9024601093056308
2022-06-13,1.3690541145610566,1.8140025371057389
2022-06-14,1.3743072059979098,1.8172957804262313
2022-06-15,1.4185437921017572,1.8626770365928078
2022-06-16,1.3609682892910173,1.7875249268471973
2022-06-17,1.3794329958767437,1.8092599612974776
2022-06-21,1.4092708043531512,1.85490681491696
2022-06-22,1.403681450408827,1.8522019308336355
2022-06-23,1.4150215532165213,1.8797860939612385
2022-06-24,1.4693469395667793,1.9441948176922161
2022-06-27,1.4554957359338556,1.9299404686113133
2022-06-28,1.4011959468526611,1.8711416913914438
2022-06-29,1.4001553983370962,1.872856827701546
2022-06-30,1.3779656477475326,1.8496278849672048
2022-07-01,1.3770302177383105,1.861836493915507
2022-07-05,1.4127741803811753,1.8937104583279247
2022-07-06,1.4204611921093206,1.9058532354289255
2022-07-07,1.454752885513597,1.9466363743863346
2022-07-08,1.4569325606445824,1.9490783438193078
2022-07-11,1.4097677885137265,1.9074375335221339
2022-07-12,1.399705426157338,1.888959421373145
2022-07-13,1.4046426861676058,1.8850654366498483
2022-07-14,1.4029957774370185,1.8917965882593544
2022-07-15,1.4277761495185128,1.9261127284741726
2022-07-18,1.4331751493644027,1.9098122265218145
2022-07-19,1.4779931794975474,1.9685455846332371
2022-07-20,1.5127821872384046,1.9997597859866492
2022-07-21,1.542885357053008,2.028466805168068
2022-07-22,1.5024541580859445,1.9928965579436855
2022-07-25,1.4873705292343298,1.981545620335148
2022-07-26,1.4450233648138147,1.9426103132295804
2022-07-27,1.5166963560370013,2.024705103247656
2022-07-28,1.518167424407423,2.044502122406375
2022-07-29,1.5616173139257146,2.081788331418569
2022-08-01,1.5656961415268758,2.0805342244090044
2022-08-02,1.5663467679093341,2.074330965794474
2022-08-03,1.6071212133858452,2.1308202627536823
2022-08-04,1.6215526008732537,2.1407850169191973
2022-08-05,1.5917423616837336,2.1232970652822853
2022-08-08,1.5760931826458433,2.1164344563476036
2022-08-09,1.554059140192011,2.092478474120964
2022-08-10,1.6078968079209404,2.150881641148743
2022-08-11,1.5923497318044908,2.138673238569868
2022-08-12,1.630238881051549,2.180314667975324
2022-08-15,1.6441701527633927,2.1979340769374116
2022-08-16,1.639983524761331,2.1927874297905414
2022-08-17,1.6171432913450063,2.167776074312805
2022-08-18,1.622848324372492,2.1729891724152592
2022-08-19,1.582011135734878,2.130622148103496
2022-08-22,1.5411564403717133,2.0745286677058057
2022-08-23,1.5462022319016284,2.072813118656849
2022-08-24,1.5505699735416363,2.078818881729475
2022-08-25,1.5786097599187283,2.1155757531607025
2022-08-26,1.5140170998169347,2.028862621729586
2022-08-29,1.4962159286944552,2.0088666624429723
2022-08-30,1.4780562271454392,1.9864951846789687
2022-08-31,1.4731658307909938,1.9749465451590995
2022-09-01,1.4633005802497951,1.9758046292377187
2022-09-02,1.441764587039786,1.947890275026472
2022-09-06,1.4352964334644622,1.933899872443057
2022-09-07,1.4598422539006417,1.9729668432432277
2022-09-08,1.4703969908088246,1.9831961630145125
2022-09-09,1.5064000934889292,2.0265525223606433
2022-09-12,1.5218304097419817,2.050639549173604
2022-09-13,1.4367487161328887,1.9381892609890172
2022-09-14,1.4482930576739395,1.9535654342765998
2022-09-15,1.4329832853232642,1.9210310876968946
2022-09-16,1.4258170488034303,1.909284952635121
2022-09-19,1.440266374484632,1.9241530443927466
2022-09-20,1.4275244449508562,1.9088152558186375
2022-09-21,1.4045126725293655,1.874636351272959
2022-09-22,1.383359722786051,1.8515636301950666
2022-09-23,1.3574318256231719,1.821416771519533
2022-09-26,1.3497026162891863,1.813880572774218
2022-09-27,1.3532747140653383,1.8146071995276616
2022-09-28,1.3843156067118725,1.850703895161029
2022-09-29,1.3371216041630531,1.7973526517130003
2022-09-30,1.3217489259656345,1.7668751892149686
2022-10-03,1.3282280290946447,1.8083273778556113
2022-10-04,1.3669257454834225,1.865182361439955
2022-10-05,1.3582056482043048,1.86419054997246
2022-10-06,1.3517354766525909,1.849513556304493
2022-10-07,1.290591125653021,1.7790396351058335
2022-10-10,1.2793148396556047,1.7612565751879148
2022-10-11,1.2586118585101964,1.7370595534702153
2022-10-12,1.258159738875968,1.7364641776725203
2022-10-13,1.2814297362540448,1.7771891204514372
2022-10-14,1.2315074091073643,1.723771219678398
2022-10-17,1.2887409795263876,1.7806928605877526
2022-10-18,1.2960978224999733,1.7947740657191695
2022-10-19,1.2944805597903677,1.7882286465942132
2022-10-20,1.2821123265142793,1.779106292430844
2022-10-21,1.3048653395334746,1.820822221199547
2022-10-24,1.31064229722792,1.8408534696582255
2022-10-25,1.3486438135096743,1.8789329627488738
2022-10-26,1.2994472990829802,1.8374153549997843
2022-10-27,1.2421325480082503,1.803963696315831
2022-10-28,1.25888624903608,1.8591660735265378
2022-10-31,1.2368884187606068,1.8375478441720965
2022-11-01,1.2209234865320626,1.8187721473089735
2022-11-02,1.177545258347327,1.756430213392179
2022-11-03,1.1578440747013912,1.7221180973811927
2022-11-04,1.179576535768195,1.749818962419921
2022-11-07,1.1879457885151514,1.769056926800145
2022-11-08,1.1858803835949954,1.7819488249221627
2022-11-09,1.1468113894536502,1.7408278592123003
2022-11-10,1.2630643619438633,1.8692808582656837
2022-11-11,1.298797717923727,1.9037249475254139
2022-11-14,1.2830857171871428,1.8870649500307388
2022-11-15,1.3045337352683601,1.9131787309889905
2022-11-16,1.2748959715138566,1.8870649500307388
2022-11-17,1.2588009175689063,1.8828997958799996
2022-11-18,1.248493747083381,1.882965627727301
2022-11-21,1.220778352094354,1.8635955869136194
2022-11-22,1.2439360901943175,1.890437026472451
2022-11-23,1.2747172627485381,1.9094106316163328
2022-11-25,1.2639603803145878,1.8968491309473863
2022-11-28,1.2468354973728222,1.8690167053987687
2022-11-29,1.234536551311555,1.8548690493117683
2022-11-30,1.316270034264691,1.9394247947501269
2022-12-01,1.320026925420219,1.9418048533549168
2022-12-02,1.3158755415249277,1.9340697144817063
2022-12-05,1.2829438179230028,1.9016094545263935
2022-12-06,1.2419798604016934,1.86220692703747
2022-12-07,1.2320867413493883,1.8546044837059987
2022-12-08,1.2542457661494437,1.8765533168829385
2022-12-09,1.2525480131086701,1.8645865729034052
2022-12-12,1.256096035416532,1.8879903105426505
2022-12-13,1.276646127929222,1.9082867437153803
2022-12-14,1.263418310393796,1.8941388812589526
2022-12-15,1.2212312973016155,1.8305401575300386
2022-12-16,1.2052843606524886,1.8130866695874819
2022-12-19,1.1784880045532933,1.787606649140399
2022-12-20,1.1683363300726586,1.7862148937228406
2022-12-21,1.1863912198028064,1.812126226272933
2022-12-22,1.1345615677244179,1.7677922949497893
2022-12-23,1.1380863156444463,1.7717680019662878
2022-12-27,1.0925814119359698,1.746718674513933
2022-12-28,1.0843626511336641,1.7236572005698272
2022-12-29,1.1263385139838076,1.7656714363456598
2022-12-30,1.126756000685819,1.764611522967163
2023-01-03,1.1148535966292699,1.7526827509622491
2023-01-04,1.122313106321975,1.7610322516204644
2023-01-05,1.097066679406679,1.7334648044164709
2023-01-06,1.1271829238575812,1.7813109370224482
2023-01-09,1.1519577078946708,1.7928422415104261
2023-01-10,1.1685435084056202,1.8080174109758405
2023-01-11,1.1996557669230816,1.8392962059599904
2023-01-12,1.2143474356151616,1.849236608533087
2023-01-13,1.229623636691975,1.8619603155718734
2023-01-17,1.2443443238821328,1.8657379079381857
2023-01-18,1.2282102444643197,1.841483309150276
2023-01-19,1.2186246106085843,1.8233919333080049
2023-01-20,1.2718184326176627,1.8732922671931014
2023-01-23,1.3170101058371086,1.914909757744993
2023-01-24,1.3112397101705755,1.9109990570980868
2023-01-25,1.3064392222420649,1.9067579589981094
2023-01-26,1.355090469860831,1.943934998583274
2023-01-27,1.4025271433310948,1.9632856406707915
2023-01-30,1.3509713002717512,1.9235904813339886
2023-01-31,1.3808135146203628,1.9524174011526558
2023-02-01,1.4291569286020485,1.994166968138005
2023-02-02,1.5424164252093737,2.0657377428426438
2023-02-03,1.500216959014197,2.0290242089911446
2023-02-06,1.4956729193361815,2.0118612892021943
2023-02-07,1.5394132144271866,2.053544198862533
2023-02-08,1.5097642916857656,2.0170300178777834
2023-02-09,1.4952613941347563,1.9992034140107093
2023-02-10,1.4591264027023916,1.9860822394549866
2023-02-13,1.483021909563662,2.0178914038672393
2023-02-14,1.5185488667566387,2.0328020077268842
2023-02-15,1.5259782136405127,2.048375263817517
2023-02-16,1.4783570102345651,2.0099389579871056
2023-02-17,1.4690893258810531,1.9957574573140318
2023-02-21,1.4272852274990757,1.9485081450917405
2023-02-22,1.4337765121272594,1.9499655259871733
2023-02-23,1.4814774013055168,1.9669969884509477
2023-02-24,1.4534751581331613,1.9340614597046153
2023-02-27,1.4711862257368598,1.947911118338627
2023-02-28,1.4730663595293962,1.9453929985869884
2023-03-01,1.4521970680367762,1.9297532915407727
2023-03-02,1.4558648176706694,1.9457240151483415
2023-03-03,1.5028665558261038,1.9859495439132473
2023-03-06,1.495137506698879,1.988202272581407
2023-03-07,1.477831599108726,1.9638153909906124
2023-03-08,1.487675974312947,1.9736237171302515
2023-03-09,1.4512529889500996,1.9394287157692451
2023-03-10,1.4311426929678566,1.9121924914960318
2023-03-13,1.4436290921251973,1.926373373060824
2023-03-14,1.5057386812919058,1.9706416789060934
2023-03-15,1.5207924126968002,1.9809791362572717
2023-03-16,1.5809294425431482,2.0331996816132474
2023-03-17,1.5674472316853558,2.023590089232077
2023-03-20,1.569909916595245,2.030771538931902
2023-03-21,1.6136182774455219,2.0597763491968824
2023-03-22,1.5975162626451413,2.0317676841573697
2023-03-23,1.6241984388365014,2.0558604893142944
2023-03-24,1.6188186865415544,2.0634270243654194
2023-03-27,1.6025316777080294,2.04928989311921
2023-03-28,1.5887710389721714,2.038404937677465
2023-03-29,1.6223797359449639,2.075572897007829
2023-03-30,1.6398010912932441,2.0952188537457803
2023-03-31,1.6782289636596446,2.1300637124332833
2023-04-03,1.667241217444991,2.124886728980603
2023-04-04,1.6635439724244452,2.117719106032405
2023-04-05,1.6319202110091477,2.0968116129855074
2023-04-06,1.6552812036973514,2.1109487442317167
2023-04-10,1.6546805470278863,2.109754277986635
2023-04-11,1.6374879743526431,2.096213967124112
2023-04-12,1.6135673790025695,2.0776966447839404
2023-04-13,1.6517256524811543,2.118382377371675
2023-04-14,1.6576754040509878,2.1144002729029308
2023-04-17,1.6563052475239108,2.1161919722705527
2023-04-18,1.65826885375624,2.116324461442865
2023-04-19,1.660027113367432,2.115329348064533
2023-04-20,1.6227657105323523,2.0992015773228068
2023-04-21,1.6322987074070956,2.1013911569462196
2023-04-24,1.6251958456412283,2.0970109658522573
2023-04-25,1.5855746641072554,2.057453042184594
2023-04-26,1.608403329865258,2.069930963235493
2023-04-27,1.6885037381867758,2.126214716245133
2023-04-28,1.694152163727464,2.1408826296582997
2023-05-01,1.7031153839528228,2.138426214365417
2023-05-02,1.6847594249608646,2.1197761964835062
2023-05-03,1.6748887551201934,2.1059044563207756
2023-05-04,1.6661582770766306,2.0984708231808176
2023-05-05,1.7052955166322572,2.1430728283899945
2023-05-08,1.7188430571048452,2.148382301014987
2023-05-09,1.7064253909239295,2.1347763646745896
2023-05-10,1.7320131295621484,2.1580065456254944
2023-05-11,1.7487900742153784,2.16504167940138
2023-05-12,1.7336196759220577,2.1572757914835052
2023-05-15,1.7485256245803038,2.1689577456533957
2023-05-16,1.7655746056298778,2.171413335468569
2023-05-17,1.8038251316841074,2.1976963393571882
2023-05-18,1.8507961112757807,2.2385147674866617
2023-05-19,1.8415234103432838,2.2334708923145756
2023-05-22,1.856560286784161,2.240970976410117
2023-05-23,1.8335049145188609,2.2125640183759594
2023-05-24,1.83179713188495,2.2012143189839857
2023-05-25,1.960290267713356,2.2547758528784096
2023-05-26,2.0037645640964783,2.312386767674871
2023-05-30,2.01558436025392,2.3228734301219705
2023-05-31,2.0158267118401496,2.3096649612985094
2023-06-01,2.0420756417979544,2.336347083659483
2023-06-02,2.0571862988069807,2.353869086251896
2023-06-05,2.065327069474613,2.3555285028166333
2023-06-06,2.0738261306550454,2.3551295907137058
2023-06-07,2.0377939426748624,2.315173993159679
2023-06-08,2.0589209515663995,2.343912793232899
2023-06-09,2.0693463362893025,2.3528731473958553
2023-06-12,2.097777813924191,2.392629392083132
2023-06-13,2.110334032283255,2.4110150507287007
2023-06-14,2.111795947398205,2.4285370533211137
2023-06-15,2.1334291516980057,2.457474999891656
2023-06-16,2.130327616874604,2.4420102941197714
2023-06-20,2.150755931976914,2.43851460239112
2023-06-21,2.1222812092344854,2.405283139886072
2023-06-22,2.1514050108317235,2.4336626507864016
2023-06-23,2.143900061623633,2.4095370328905403
2023-06-26,2.0986277432133975,2.3772358837636585
2023-06-27,2.1257405716082314,2.418110238007924
2023-06-28,2.133578251377064,2.422829494070903
2023-06-29,2.124703924332558,2.4179773360967576
2023-06-30,2.1446284893074004,2.455263132370097
2023-07-03,2.1639961486796278,2.4610451909835547
2023-07-05,2.1828472319340957,2.4609789463973986
2023-07-06,2.164301854574935,2.442236062273213
2023-07-07,2.162160767065256,2.434128013844912
2023-07-10,2.148795100901942,2.434925218942485
2023-07-11,2.1604161356479854,2.4469551119667647
2023-07-12,2.1870874081501017,2.4778605846569697
2023-07-13,2.219738551081103,2.519931056101735
2023-07-14,2.220126430936224,2.5193992420876414
2023-07-17,2.2284793036151287,2.5429272141221078
2023-07-18,2.2302156019290313,2.563730077869376
2023-07-19,2.236250666035203,2.563131812899699
2023-07-20,2.165589823736074,2.5040468012841957
2023-07-21,2.1525262153658353,2.49653639871729
2023-07-24,2.1591994410088557,2.500524281529998
2023-07-25,2.161077044659046,2.517471545267443
2023-07-26,2.1775606822926914,2.5090972802779548
2023-07-27,2.1865306214140614,2.503116281536602
2023-07-28,2.2344775192755515,2.548709272735565
2023-07-31,2.230004486923209,2.550038910955513
2023-08-01,2.2210653069931525,2.5441235376920344
2023-08-02,2.1861617172997887,2.488295035638968
2023-08-03,2.192470953003629,2.4843071528262604
2023-08-04,2.2090327916340726,2.4726761719049075
2023-08-07,2.2280355127358145,2.493612350302197
2023-08-08,2.214537196031328,2.472410368082574
2023-08-09,2.1867666084067165,2.445227180752171
2023-08-10,2.192965825970626,2.4497466712095455
2023-08-11,2.1835220990785746,2.434128013844912
2023-08-14,2.195608624527881,2.461444309455909
2023-08-15,2.171441750812504,2.435324131045412
2023-08-16,2.1435701828547633,2.4095370328905403
2023-08-17,2.123144314023401,2.383217501613293
2023-08-18,2.1094041717368803,2.3802270022426164
2023-08-21,2.1422886176917686,2.41857518832758
2023-08-22,2.1416157558729783,2.4151193258983934
2023-08-23,2.1649571182334735,2.4532027400081597
2023-08-24,2.132153397739585,2.400763649428697
2023-08-25,2.1439832785635855,2.4193730125334345
2023-08-28,2.152876631366663,2.437583876274099
2023-08-29,2.1963607940506,2.490820791059416
2023-08-30,2.1950642008353842,2.5047106917317468
2023-08-31,2.2055326450529975,2.512221507037507
2023-09-01,2.1905041913421717,2.5095628497058926
2023-09-05,2.206979547391506,2.512753321051601
2023-09-06,2.1929025569539293,2.490621231823239
2023-09-07,2.1996241466773387,2.472809073816074
2023-09-08,2.1983422771560694,2.476264936245261
2023-09-11,2.253939547782616,2.505442064982018
2023-09-12,2.2307981111706736,2.4776610254207925
2023-09-13,2.251836744955942,2.4870989184384684
2023-09-14,2.269044833424185,2.5074364191272265
2023-09-15,2.238871980040996,2.4645010534127416
2023-09-18,2.23217809911717,2.4670703527823448
2023-09-19,2.2308103312083896,2.4618122661447446
2023-09-20,2.204175848561891,2.426336536118055
2023-09-21,2.1690486875743358,2.3818748621194263
2023-09-22,2.160427042697313,2.3822081487444793
2023-09-25,2.1724584999661563,2.393522765333816
2023-09-26,2.14805358489926,2.357581053140334
2023-09-27,2.1461982988461994,2.3631053563391218
2023-09-28,2.165194826092989,2.3828734837780217
2023-09-29,2.164298089415306,2.3846040977951697
2023-10-02,2.1877207568167516,2.4045049207758087
2023-10-03,2.1582107779964153,2.3623067066555583
2023-10-04,2.1928823709267657,2.394454729667401
2023-10-05,2.1875375215897757,2.387399578057069
2023-10-06,2.213076203529395,2.427401195993379
2023-10-09,2.2186413045130715,2.439781504305176
2023-10-10,2.2303723812581873,2.45329292344788
2023-10-11,2.248979745463527,2.4707975910084015
2023-10-12,2.237218762639526,2.462212003725381
2023-10-13,2.2054522840717863,2.4312615425000295
2023-10-16,2.228171712774998,2.4587505693216576
2023-10-17,2.2317414808819276,2.4506972087915853
2023-10-18,2.1959975782413457,2.418549185779743
2023-10-19,2.1646187124469547,2.395919333492788
2023-10-20,2.1370037033832254,2.360177180535483
2023-10-23,2.149923353678098,2.3672987831013983
2023-10-24,2.1626988450585998,2.3903281665995624
2023-10-25,2.094979421369432,2.3318228467052813
2023-10-26,2.0604084009423707,2.2873615854455074
2023-10-27,2.094286924047709,2.2983437408875
2023-10-30,2.1083846563444393,2.324235261972574
2023-10-31,2.110617180673268,2.335350112956306
2023-11-01,2.1455806384545935,2.375884576753846
2023-11-02,2.163728219229493,2.419014755207681
2023-11-03,2.1751945472720458,2.4474357463628937
2023-11-06,2.1812895227945264,2.4574192801462913
2023-11-07,2.197797377589954,2.48064842925006
2023-11-08,2.199227927918678,2.4822457286171864
2023-11-09,2.179441017066539,2.4631439680589655
2023-11-10,2.2084979629434036,2.518520521066294
2023-11-13,2.2159889403327226,2.510666307033545
2023-11-14,2.252814913040951,2.564711983604362
2023-11-15,2.2494605456183097,2.5666423632271145
2023-11-16,2.24468523737499,2.568839165780482
2023-11-17,2.2493399426532763,2.569438256227868
2023-11-20,2.2620135827727963,2.6007205594922818
2023-11-21,2.260072843459315,2.5856118409824504
2023-11-22,2.268547364559873,2.5961946715826616
2023-11-24,2.2618457045850726,2.592534297051043
2023-11-27,2.2595732887678373,2.5902710435420917
2023-11-28,2.2775693760073428,2.5970597722218085
2023-11-29,2.2588686979454695,2.594530508521097
2023-11-30,2.241609117639971,2.588007996402568
2023-12-01,2.2379440500207,2.595396021899098
2023-12-04,2.216745347249958,2.571301772156183
2023-12-05,2.226562013501206,2.577757626949701
2023-12-06,2.218205875506108,2.5628488804149017
2023-12-07,2.2546658897293996,2.5986572779583623
2023-12-08,2.2620721804447763,2.6102385238477415
2023-12-11,2.239643962973172,2.6325357086179255
2023-12-12,2.2514561845279726,2.6535020169515975
2023-12-13,2.2583286179231576,2.687247132961139
2023-12-14,2.264731423180888,2.684918253974314
2023-12-15,2.2777574165607115,2.6978964145169337
2023-12-18,2.3065129729619542,2.714889905006089
2023-12-19,2.321421677992037,2.7287614387993924
2023-12-20,2.307582712410033,2.6882129418807974
2023-12-21,2.3312783886083266,2.7194915304955196
2023-12-22,2.3291645789073776,2.7235594846460116
2023-12-26,2.335867722517622,2.740232483414605
2023-12-27,2.3430763465256144,2.74581085540334
2023-12-28,2.3341252046933048,2.7444762643171368
2023-12-29,2.3179286289864045,2.7325990846690424
2024-01-02,2.298996489919349,2.6863574743601464
2024-01-03,2.2828769197680563,2.657931736708106
2024-01-04,2.2710025998852563,2.644252332851598
2024-01-05,2.277597009399339,2.6473885290379324
2024-01-08,2.3064026323869844,2.702104906247401
2024-01-09,2.308412275174016,2.7074434769616396
2024-01-10,2.3341035588747,2.7257930209574344
2024-01-11,2.3285549489524,2.7314646719272986
2024-01-12,2.325489984552438,2.7328661267079393
2024-01-16,2.312831535463236,2.7325990846690424
2024-01-17,2.3033826909766058,2.717184939406841
2024-01-18,2.3186086485716,2.7557537344095637
2024-01-19,2.339704275169394,2.8104028351857395
2024-01-22,2.3336199342424493,2.8140727027110133
2024-01-23,2.339268791735835,2.8257501167535035
2024-01-24,2.343279737261091,2.841430272207466
2024-01-25,2.323085587092823,2.8449003741271346
2024-01-26,2.3272564200999213,2.8279516658036985
2024-01-29,2.3414520814169375,2.8569110747946778
2024-01-30,2.3364974691710003,2.837893719332213
2024-01-31,2.321975810825464,2.78231059052818
2024-02-01,2.3340807076556045,2.8150735944333087
2024-02-02,2.3646507950365483,2.8626500021978343
2024-02-05,2.353021932455973,2.858913270978123
2024-02-06,2.354714513826841,2.853174137205539
2024-02-07,2.361039205089048,2.882534728363146
2024-02-08,2.3615617919282865,2.8878726799691026
2024-02-09,2.377798057139852,2.9162980048822877
2024-02-12,2.3662416134602187,2.9048878392481217
2024-02-13,2.352190059370667,2.859580050597656
2024-02-14,2.3634692977449774,2.8907416277471123
2024-02-15,2.3739231681532535,2.8993499156671336
2024-02-16,2.3726182609976556,2.8730594824791322
2024-02-20,2.3593950584757004,2.851372738474835
2024-02-21,2.364365931676479,2.839962572840669
2024-02-22,2.3825209748775817,2.9231044813327505
2024-02-23,2.3773313649619308,2.914496606151584
2024-02-26,2.3851772644137244,2.9129616303514947
2024-02-27,2.3825483541601304,2.919968078776989
2024-02-28,2.384231844874471,2.904420618864766
2024-02-29,2.393144193800732,2.929310010010981
2024-03-01,2.397702656717288,2.973416522225265
2024-03-04,2.379492014314253,2.962806863599508
2024-03-05,2.3622817601358665,2.9096254621901285
2024-03-06,2.355934125999707,2.9279087615997677
2024-03-07,2.3667115960456657,2.972348766808532
2024-03-08,2.359209680673583,2.929443324661002
2024-03-11,2.35342566921359,2.918567036735203
2024-03-12,2.3618283816364545,2.960404517096572
2024-03-13,2.3555606113309135,2.9376508431532504
2024-03-14,2.35310584385078,2.9302442444082657
2024-03-15,2.343390527404436,2.8954127997335357
2024-03-18,2.355249229791927,2.9230275055363757
2024-03-19,2.355998793983968,2.9303102826249945
2024-03-20,2.366650111155964,2.965053813923704
2024-03-21,2.363400044215026,2.97908507765372
2024-03-22,2.362941794715071,2.9824930623757786
2024-03-25,2.3671240060683436,2.9716689859150804
2024-03-26,2.3693293319579363,2.9620474241071273
2024-03-27,2.3756667892395185,2.9721366190372907
2024-03-28,2.3724330309252304,2.9666577171125037
2024-04-01,2.3732713728045773,2.9729383642622635
2024-04-02,2.3627336345226735,2.9472810724771494
2024-04-03,2.3690819316115146,2.9538960380990984
2024-04-04,2.366117199470912,2.9087287870286085
2024-04-05,2.371819982120244,2.943005097943962
2024-04-08,2.3813698351736345,2.9438737068633727
2024-04-09,2.387045688891118,2.9547646470185085
2024-04-10,2.3818938155399745,2.928973834213946
2024-04-11,2.3929761182229248,2.9757445757343812
2024-04-12,2.38891352581574,2.9283060227472766
2024-04-15,2.3779616932327157,2.8801321754907825
2024-04-16,2.372960709086031,2.8803992175296798
2024-04-17,2.371061015430769,2.8452547104337698
2024-04-18,2.36474397087673,2.8290183893732954
2024-04-19,2.3614481359693387,2.7704883051477407
2024-04-22,2.3557261797513385,2.7983504478938865
2024-04-23,2.35873591684783,2.8401097142423177
2024-04-24,2.3787055580182703,2.849731276050271
2024-04-25,2.387917893559631,2.835967260728579
2024-04-26,2.3857549948077077,2.87973140606301
2024-04-29,2.4152345244185405,2.8914238850736913
2024-04-30,2.402909425835601,2.8369027333424275
2024-05-01,2.399144386327448,2.8163904377487654
2024-05-02,2.399167261579662,2.8523368964390747
2024-05-03,2.400517652327363,2.9096646723813113
2024-05-06,2.4046031199867626,2.9415353348828925
2024-05-07,2.396649604336147,2.9420031743745305
2024-05-08,2.393113439584309,2.9402659565357094
2024-05-09,2.3899663636644086,2.9466801247049177
2024-05-10,2.3859609943118087,2.953628996060201
2024-05-13,2.389874810269478,2.9604435209183273
2024-05-14,2.39635206889914,2.9794860534509198
2024-05-15,2.3922780388658476,3.0260564102574685
2024-05-16,2.3932507609456932,3.019909696866012
2024-05-17,2.396249077878102,3.0184397274355153
2024-05-20,2.39337664468097,3.0394863134763983
2024-05-21,2.406708813146125,3.0454326421539686
2024-05-22,2.399281707688832,3.044831281642882
2024-05-23,2.3919919410549477,3.0311341300156283
2024-05-24,2.398286092894748,3.0597980179867466
2024-05-28,2.395436552411855,3.0713569759779795
2024-05-29,2.394795696109363,3.0497084103177285
2024-05-30,2.397771102865508,3.017036415330029
2024-05-31,2.396958594861286,3.0114237860163664
2024-06-03,2.394910124756508,3.0275930370129758
2024-06-04,2.393170662638894,3.0358779440404535
2024-06-05,2.393433867735555,3.0970809250881044
2024-06-06,2.396798380785663,3.09601172508538
2024-06-07,2.396271953130316,3.0932723773077004
2024-06-10,2.392049146647508,3.1057668079127816
2024-06-11,2.3884672139292165,3.127080848731416
2024-06-12,2.3960545160001083,3.168038369854875
2024-06-13,2.401982471722209,3.185210163529198
2024-06-14,2.396878479092462,3.2017129075202875
2024-06-17,2.4076700975998633,3.2409334171743525
2024-06-18,2.404717566095932,3.241935959852066
2024-06-20,2.400952526587779,3.2169473050113306
2024-06-21,2.4026004353104624,3.2083278731422364
2024-06-24,2.4021083554574862,3.1718025482084142
2024-06-25,2.407567106578825,3.2080734196384038
2024-06-26,2.41788950302344,3.2146987037317163
2024-06-27,2.4190911173216247,3.2229966120331124
2024-06-28,2.4196175449769717,3.2062666553025903
2024-07-01,2.433327347185933,3.225071656624386
2024-07-02,2.4578173128141643,3.2589337840991943
2024-07-03,2.4751319579176805,3.286103970155679
2024-07-05,2.4810026905851967,3.3203674861665413
2024-07-08,2.482627724055666,3.3282644186707375
2024-07-09,2.4933735396725645,3.331141827595266
2024-07-10,2.49443785007139,3.36587442131433
2024-07-11,2.4689980201535033,3.292059791826904
2024-07-12,2.477237633615019,3.311400321812485
2024-07-15,2.4822844031901807,3.320300828841531
2024-07-16,2.48677041476965,3.321572270882987
2024-07-17,2.4775466241401576,3.224067669360682
2024-07-18,2.478382024858619,3.2088097457549294
2024-07-19,2.4669037820822726,3.180368324026416
2024-07-22,2.480991235497065,3.2277488872044557
2024-07-23,2.4751205202915734,3.2163719470480814
2024-07-24,2.440342471097049,3.1009996741426744
2024-07-25,2.4452175715084565,3.066802609087395
2024-07-26,2.4447025989412414,3.0982555798681672
2024-07-29,2.458778614729927,3.1044794754254252
2024-07-30,2.447929773167941,3.0618505683104473
2024-07-31,2.4744258429039028,3.1524620182228333
2024-08-01,2.447804222898915,3.0761047110219226
2024-08-02,2.4349981486069843,3.003093684084315
2024-08-05,2.416891691199516,2.9135528787606444
2024-08-06,2.4233896375777797,2.9413923208697894
2024-08-07,2.4069264829755337,2.909537548814108
2024-08-08,2.422179292532005,2.998543238212849
2024-08-09,2.4232472094727933,3.014202550354656
2024-08-12,2.4254131761924373,3.020694519797948
2024-08-13,2.445647450488683,3.09564562572139
2024-08-14,2.440555237422525,3.0966496129850944
2024-08-15,2.460797844196233,3.1748807545856836
2024-08-16,2.4650932418258473,3.1789627418572297
2024-08-19,2.479041611665765,3.2207215954668067
2024-08-20,2.4739428091839133,3.213962583984618
2024-08-21,2.477901058544846,3.2289530528126194
2024-08-22,2.4578537099418973,3.1777585762490665
2024-08-23,2.4755516695348048,3.2122226833432426
2024-08-26,2.463981391153674,3.1810373737096493
2024-08-27,2.4615749458301086,3.190540273096918
2024-08-28,2.454441269595982,3.1543356462530845
2024-08-29,2.445584564670101,3.1497183366871804
2024-08-30,2.456645477466674,3.1872610628974805
2024-09-03,2.439212612467273,3.0904929938611287
2024-09-04,2.4471825795412063,3.082462333968057
2024-09-05,2.4606761682075566,3.085339949262013
2024-09-06,2.4332610131269616,3.0026922955482607
2024-09-09,2.4422734694743373,3.041305459977848
2024-09-10,2.4554858859718656,3.069412563234172
2024-09-11,2.470142320525494,3.1360663799645003
2024-09-12,2.477557688023123,3.166850301062039
2024-09-13,2.4802957472908416,3.1810373737096493
2024-09-16,2.474025541555074,3.1669838220814874
2024-09-17,2.474885755447156,3.168656652658998
2024-09-18,2.4718948322395686,3.1549382449807344
2024-09-19,2.498220092812347,3.234708077031103
2024-09-20,2.490695159224314,3.228551664276565
2024-09-23,2.5030440310795714,3.2371093916869027
2024-09-24,2.513725789218938,3.252723921662991
2024-09-25,2.5193424374904234,3.255739598103795
2024-09-26,2.517764502716263,3.2802003599495553
2024-09-27,2.5227749657619896,3.261971954807572
2024-09-30,2.525694840361581,3.270817773938389
2024-10-01,2.5172443296775517,3.225247689745854
2024-10-02,2.5082158206903493,3.22980494580842
2024-10-03,2.5033689222014646,3.2273922808341204
2024-10-04,2.517560422220728,3.2657918529064762
2024-10-07,2.506985526126736,3.230809964919261
2024-10-08,2.518416397754174,3.279060787972129
2024-10-09,2.512150877076162,3.3048617128786284
2024-10-10,2.512268180537765,3.301109091213017
2024-10-11,2.4891948602365086,3.306268946003233
2024-10-14,2.495998407393711,3.3340134581758303
2024-10-15,2.4968712377721944,3.2894485994635634
2024-10-16,2.49864318708709,3.2898506071078994
2024-10-17,2.496339574392314,3.2921287192156146
2024-10-18,2.496517656312396,3.3137081511177278
2024-10-21,2.494925224271409,3.3200746479492347
2024-10-22,2.494781892728896,3.323692923117689
2024-10-23,2.4879330828107613,3.272761567573915
2024-10-24,2.5414765022711516,3.299299850444076
2024-10-25,2.5535025548377863,3.3194041536800105
2024-10-28,2.5470284849687856,3.31994009508265
2024-10-29,2.5459960591586706,3.3518400620429047
2024-10-30,2.547600086983489,3.3265078021057524
2024-10-31,2.536084131565784,3.2425379394714344
2024-11-01,2.5352337758318453,3.2665290045007107
2024-11-04,2.5265524626455544,3.2570128974700965
2024-11-05,2.536797835311831,3.2985624924804138
2024-11-06,2.584708116723159,3.388162113090859
2024-11-07,2.5977206969638917,3.4415059272395054
2024-11-08,2.6236035605666554,3.445527654638287
2024-11-11,2.6581535678977426,3.4435169973083237
2024-11-12,2.6345628550153,3.437284021496265
2024-11-13,2.6343537790152096,3.4328613183002834
2024-11-14,2.6098778686127453,3.409003980659883
2024-11-15,2.6183010894884786,3.3277811014720537
2024-11-18,2.6411912545861442,3.350901493887647
2024-11-19,2.6517759003784587,3.373954403500521
2024-11-20,2.6455052262518213,3.372011228973277
2024-11-21,2.636029938491824,3.384141417539214
2024-11-22,2.648498739514936,3.3895693462154632
2024-11-25,2.6348444458128313,3.3949306175667022
2024-11-26,2.635619076066372,3.413158609969831
2024-11-27,2.6295968455455587,3.3862851831497713
2024-11-29,2.6434124796255793,3.4160401462829046
2024-12-02,2.6591153914573518,3.4532336954222513
2024-12-03,2.65250560757644,3.463822923474708
2024-12-04,2.6624014225516084,3.5066454051124722
2024-12-05,2.674234130557754,3.4969278815208353
2024-12-06,2.6984839226793564,3.5282238051674493
2024-12-09,2.6998312062109338,3.5007477796197395
2024-12-10,2.7205681192700384,3.4888196267231075
2024-12-11,2.756048992197184,3.5512765084108957
2024-12-12,2.756048992197184,3.528358358034034
2024-12-13,2.756048992197184,3.5553655122429695
2024-12-16,2.756048992197184,3.6065649416727767
2024-12-17,2.756048992197184,3.5906823378106556
2024-12-18,2.756048992197184,3.461141565506093
2024-12-19,2.756048992197184,3.4457280393521734
2024-12-20,2.756048992197184,3.4758179400657783
2024-12-23,2.756048992197184,3.509681924865432
2024-12-24,2.756048992197184,3.5572719530121577
2024-12-26,2.756048992197184,3.5548557797575944
2024-12-27,2.756048992197184,3.5076004828219123
2024-12-30,2.756048992197184,3.460950880155289
2024-12-31,2.756048992197184,3.4315502533287905
2025-01-02,2.756048992197184,3.4248378813371665
2025-01-03,2.7673702452247904,3.4808855477220013
2025-01-06,2.767591869027633,3.520891499416284
2025-01-07,2.761527949949847,3.4580637718676783
2025-01-08,2.7617386854910126,3.458668434289601
2025-01-10,2.761666015768988,3.4044322787374073
2025-01-13,2.764779725973198,3.3934911908114427
2025-01-14,2.7622546028187216,3.390269144943361
2025-01-15,2.773830188785572,3.468267295460554
2025-01-16,2.7685982903472435,3.4439683272457793
2025-01-17,2.7732052668748257,3.502097022935279
2025-01-21,2.7723223863002255,3.522636146554487
2025-01-22,2.7690669734644207,3.5676766867966285
2025-01-23,2.7680750993946264,3.575261588726781
2025-01-24,2.7659677994221843,3.555057196318617
2025-01-27,2.7625416338065234,3.45155261006765
2025-01-28,2.775212176564234,3.5025667197517625
2025-01-29,2.7657755371651427,3.4959893133655777
2025-01-30,2.7709456323844357,3.5108900114927133
2025-01-31,2.767173008322557,3.5057881465115623
2025-02-03,2.7555947340509053,3.4777309846566395
2025-02-04,2.761015070106074,3.5204213898609464
2025-02-05,2.7631224432073815,3.536397272704197
2025-02-06,2.766214366593264,3.5548557797575944
2025-02-07,2.7629531090812316,3.5100174815541845
2025-02-10,2.7633472388711793,3.552506057458614
2025-02-11,2.7543723684727186,3.5440490383287875
2025-02-12,2.75870442374741,3.5461300676334524
2025-02-13,2.778750188518873,3.5971433518398555
2025-02-14,2.7828243940351065,3.6122467047445777
2025-02-18,2.782112083953947,3.6204350308800892
2025-02-19,2.7869613307228636,3.6214421136852026
2025-02-20,2.7831671836708995,3.6060704805250205
2025-02-21,2.7635514073961875,3.5312281312897533
2025-02-24,2.753021589606157,3.4895452216294145
2025-02-25,2.7270637295647706,3.4455792469951065
2025-02-26,2.7230968321282116,3.4539021259972027
2025-02-27,2.7031889697826705,3.357982854415243
2025-02-28,2.7226719137771225,3.4110100978624462
2025-03-03,2.6994926838328976,3.3363691651882017
2025-03-04,2.6858308856852005,3.3263008135701932
2025-03-05,2.6962681579288716,3.369662332152006
2025-03-06,2.668668894257523,3.2769649000687004
2025-03-07,2.6701574024801786,3.3010624517224523
2025-03-10,2.6123635136974572,3.1731251698678347
2025-03-11,2.6300344672961113,3.1655398551988276
2025-03-12,2.673041436125339,3.2012500208949044
2025-03-13,2.6556598104418274,3.1436576793468984
2025-03-14,2.682156569165249,3.219641457884437
2025-03-17,2.656554842767777,3.2405169636701068
2025-03-18,2.625376302532931,3.185274757159936
2025-03-19,2.6521471144658424,3.22789788593095
2025-03-20,2.6532270700794984,3.2169567980049854
2025-03-21,2.6794124379285207,3.2275621228727696
2025-03-24,2.7514973350777208,3.2983889357920737
2025-03-25,2.77435227578302,3.3172112721457614
2025-03-26,2.725539124138678,3.256172561162223
2025-03-27,2.7208030744843326,3.237618917802851
2025-03-28,2.682980293027337,3.152379264082495
2025-03-31,2.6718425341725562,3.1522449175853375
2025-04-01,2.6965326303066055,3.1776553915354278
2025-04-02,2.7254248656671285,3.2008473941422864
2025-04-03,2.6578935634219163,3.029494731285337
2025-04-04,2.562961921521644,2.841336167748627
2025-04-07,2.563947611910769,2.848192791969918
2025-04-08,2.5248480921032197,2.796901321775545
2025-04-09,2.7732228806712285,3.1326154704015683
2025-04-10,2.674572614892549,2.9993784152850407
2025-04-11,2.700600195210499,3.0546363058716848
2025-04-14,2.6998405095704707,3.0753413505104237
2025-04-15,2.6968032072118766,3.0787697658057827
2025-04-16,2.6233942165877204,2.985933859836774
2025-04-17,2.6147296585808775,2.9853962674787167
2025-04-21,2.554909478670827,2.911517044360553
2025-04-22,2.6100323072385474,2.9879505018801287
2025-04-23,2.6759396388028254,3.0557119033266544
2025-04-24,2.729085500225692,3.141690978704945
2025-04-25,2.802805237842903,3.176714346947043
2025-04-28,2.798074521243856,3.1757058195559384
2025-04-29,2.8141214374682417,3.1966793508195654
2025-04-30,2.7898512577148122,3.1962765176975196
2025-05-01,2.826813924850996,3.2380219572943236
2025-05-02,2.8525663896402347,3.2860868414932147
2025-05-05,2.825370685582854,3.2665919471760305
2025-05-06,2.8055967541665483,3.2362067318119916
2025-05-07,2.8131865569946357,3.248912278341178
2025-05-08,2.841064641887386,3.282457009636833
2025-05-09,2.8633317922970716,3.2803056083574664
2025-05-12,2.986954666109596,3.4139461157043214
2025-05-13,3.0487951470984083,3.465977420295484
2025-05-14,3.09252631136149,3.486748915889806
2025-05-15,3.0655307893702757,3.4905807834154925
2025-05-16,3.0810256920846655,3.505773287912798
2025-05-19,3.066195912485872,3.509134633144292
2025-05-20,3.0568730040503547,3.4974376140062104
2025-05-21,3.0235012594019497,3.4488349310798343
2025-05-22,3.0429519011827497,3.455288309440225
2025-05-23,3.0163477976042596,3.423289904263159
2025-05-27,3.0990569393680287,3.503823922302736
2025-05-28,3.083667234972847,3.4882946229001135
2025-05-29,3.0988625134298164,3.4951522789685407
2025-05-30,3.0686083600166945,3.4896393260882532
2025-06-02,3.0803669731378416,3.5172020267954194
2025-06-03,3.08973467823219,3.54469538737502
2025-06-04,3.082363303419985,3.5545775937696242
2025-06-05,2.987833123136211,3.5278222102619674
2025-06-06,3.034822903838306,3.5623077797765803
2025-06-09,3.06378503236066,3.567551626923698
2025-06-10,3.1080799121238187,3.591147081760884
2025-06-11,3.0892090299866277,3.5790468167619025
2025-06-12,3.0799748242193425,3.5874493543629282
2025-06-13,3.0726354827158766,3.542410465076205
2025-06-16,3.1061089324309714,3.591684880488369
2025-06-17,3.0723468385252874,3.556661924985126
2025-06-18,3.0814251643857693,3.556056437085494
2025-06-20,3.0678483090334634,3.541536284182258
2025-06-23,3.1232282411701293,3.5779518205807688
2025-06-24,3.1296315383969433,3.632666546834819
2025-06-25,3.1236493317221,3.641953171062301
2025-06-26,3.137653359433787,3.6760061902573407
2025-06-27,3.150334445061051,3.6885914234104242
2025-06-30,3.1396138566268594,3.712482812006326
2025-07-01,3.1131685314103814,3.6811881265762754
2025-07-02,3.1486863190528585,3.706829115176635
2025-07-03,3.1554269183886055,3.7433057369256195
2025-07-07,3.108710915295459,3.715107418382439
2025-07-08,3.108067043972967,3.717193400553359
2025-07-09,3.112471888896925,3.7435071534866426
2025-07-10,3.140513140839774,3.738123800606685
2025-07-11,3.1515606707535877,3.7297109445342955
2025-07-14,3.1563734501874627,3.7432384604923272
2025-07-15,3.14703855206937,3.74667038406795
2025-07-16,3.1648561409445395,3.7505063789821818
2025-07-17,3.1619671724786853,3.780858368868429
2025-07-18,3.1869577883450857,3.7772242032540744
2025-07-21,3.19523980978103,3.796808249163843
2025-07-22,3.202953734301905,3.777156926820782
2025-07-23,3.203732615545203,3.7943854720876065
2025-07-24,3.160010240168987,3.8024611205158245
2025-07-25,3.1797515379583263,3.811614017354431
2025-07-28,3.1990852848538447,3.8235264861745897
2025-07-29,3.1870789391474927,3.817603683611729
2025-07-30,3.179443456305311,3.8227183434973715
2025-07-31,3.1594110580341774,3.8024611205158245
2025-08-01,3.111589478104351,3.7275576859300834
2025-08-04,3.125466981444468,3.7963369013919412
2025-08-05,3.126607119118349,3.770561359924997
2025-08-06,3.175148678223021,3.8180077549503384
2025-08-07,3.190454779503266,3.8309285447921746
2025-08-08,3.2203409863827157,3.866664300297234
2025-08-11,3.232694291483946,3.855223179248976
2025-08-12,3.2415986024103276,3.9036791335125582
2025-08-13,3.2473667190276023,3.9056309755557477
2025-08-14,3.2496314908492834,3.902602297841025
2025-08-15,3.2395340710254423,3.8854414417463476
2025-08-18,3.2474142260544987,3.883893258302913
2025-08-19,3.22955860596847,3.831198063264199
2025-08-20,3.2053560415085833,3.8084511995119774
2025-08-21,3.194461161314373,3.790818995645399
2025-08-22,3.2502882527024055,3.849301202163825
2025-08-25,3.260345555792679,3.8381972887597384
2025-08-26,3.273824343024514,3.8536081321111033
2025-08-27,3.2722269108144015,3.8595309346739644
2025-08-28,3.271988528164962,3.883691016264181
2025-08-29,3.245247390653306,3.8387355002260777
2025-09-02,3.228255403464372,3.8065666339020807
2025-09-03,3.2501033903929444,3.8365145524497186
2025-09-04,3.2741322824817876,3.871240748716537
2025-09-05,3.291941319848104,3.876826756374081
2025-09-08,3.286281893224481,3.8957376252120706
2025-09-09,3.285897273237601,3.906774674921719
2025-09-10,3.265484560873106,3.9080533398931294
2025-09-11,3.3083231346811868,3.9308006163842055
2025-09-12,3.361525516101339,3.948164127256469
2025-09-15,3.3960010890860497,3.981948040718339
2025-09-16,3.4232219226033056,3.978582155359445
2025-09-17,3.428723238996616,3.9706414725366663
2025-09-18,3.409949867989055,4.006444504475017
2025-09-19,3.4379559141632807,4.033565987346665
2025-09-22,3.462155851997828,4.057444581038076
2025-09-23,3.434403509035387,4.030493972052214
2025-09-24,3.46207282585386,4.0163444586403685
2025-09-25,3.4295460808228992,3.9990288254752326
2025-09-26,3.4614077577894165,4.0154686267910025
2025-09-29,3.46862649626949,4.034064575882967
2025-09-30,3.467942719689808,4.045114833235961
2025-10-01,3.4978807244955745,4.064518925005144
2025-10-02,3.4593872439242954,4.081228244792938
2025-10-03,3.445021654097694,4.064047577233242
2025-10-06,3.488505882291406,4.094569202788711
2025-10-07,3.4521909098919847,4.07300855050448
2025-10-08,3.4697142090982744,4.11970087164255
2025-10-09,3.461940302993661,4.1147149862795285
2025-10-10,3.392541613617969,3.9718759744506396
2025-10-13,3.4426630253253863,4.056164265111247
2025-10-14,3.4251805939533027,4.029146379692093
2025-10-15,3.437110959905688,4.05757913390466
2025-10-16,3.4210565036824043,4.042554201382304
2025-10-17,3.445251940756364,4.069100739029556
2025-10-20,3.479068060547504,4.120374461453183
2025-10-21,3.478148700838792,4.119296800303941
2025-10-22,3.4655409256958514,4.079611546699647
2025-10-23,3.488593510366155,4.113906430863456
2025-10-24,3.4648700170918336,4.157835878109136
2025-10-27,3.503449478410968,4.231883705049385
2025-10-28,3.5217821026897553,4.264426925514464
2025-10-29,3.5250745367005307,4.283629600722623
2025-10-30,3.4747226730195475,4.218138675715003
2025-10-31,3.536021624692099,4.238487113983407
2025-11-03,3.55786903236458,4.258767037601954
2025-11-04,3.513267780218694,4.172322186426299
2025-11-05,3.5486312226289405,4.199475862928601
2025-11-06,3.5139735286283114,4.121250706041403
2025-11-07,3.484429172918913,4.108246955689801
2025-11-10,3.516305503500668,4.19913865528443
2025-11-11,3.5046169745417703,4.18795384506485
2025-11-12,3.4828708264851977,4.184652346967267
2025-11-13,3.430191359963551,4.099218705985271
2025-11-14,3.43443675982505,4.102317549305267
2025-11-17,3.4408046915174206,4.067281798897533
2025-11-18,3.425406182904654,4.0177589146949275
2025-11-19,3.428411130683585,4.041745645966231
2025-11-20,3.411878359718269,3.946069890308458
2025-11-21,3.4056478321609593,3.9757160967534166
2025-11-24,3.4602862713567175,4.077388122490161
2025-11-25,3.469771230521586,4.102520204082854
2025-11-26,3.482322703599658,4.13876858124527
2025-11-28,3.492979436232957,4.172322186426299
2025-12-01,3.490941382394924,4.158307638619892
2025-12-02,3.4910209649995405,4.1908508590849705
2025-12-03,3.5212941923542607,4.2010921482830375
2025-12-04,3.541845871508772,4.197184749546968
2025-12-05,3.5460447846269116,4.214298140673371
2025-12-08,3.515665429831921,4.206212999251498
2025-12-09,3.5232510542887927,4.211400713914396
2025-12-10,3.532955913799204,4.2286494833850945
2025-12-11,3.5252428110357474,4.214972143222859
2025-12-12,3.545196551286045,4.13438900925959
2025-12-15,3.576508924377933,4.113636912391431
2025-12-16,3.6061637003280427,4.121789330246597
2025-12-17,3.6040197923162567,4.045383938969131
2025-12-18,3.6082095410927466,4.104001936570706
2025-12-19,3.6066177090142992,4.157499495942674
2025-12-22,3.6073827809080137,4.177428178795996
2025-12-23,3.608346848947171,4.196992413240745
2025-12-24,3.609078317857917,4.209271394163749
2025-12-26,3.6078844266634453,4.209001050214016
2025-12-29,3.606595295601896,4.18862702213663
2025-12-30,3.6086299125247616,4.17891197497812
2025-12-31,3.606987650268407,4.144370685718142
2026-01-02,3.6042748219927074,4.136342914997052
2026-01-05,3.6066233123674,4.169197340558465
2026-01-06,3.6071361819646692,4.205830390333325
2026-01-07,3.603792796540947,4.209878533018799
2026-01-08,3.6030557242771,4.185928535505551
2026-01-09,3.6050174633383825,4.227621350898398
2026-01-12,3.601909504423076,4.231129218423259
2026-01-13,3.598860389283146,4.224855175095173
2026-01-14,3.594496885153622,4.179721768610756
2026-01-15,3.5959765987631442,4.1947665125981315
2026-01-16,3.5958224637137812,4.191258232334416
2026-01-20,3.591302031426162,4.102206109814538
2026-01-21,3.5937794503290825,4.157661289573659
2026-01-22,3.603495716012786,4.18788491767614
2026-01-23,3.606614915905567,4.201107832359511
2026-01-26,3.6104263098304794,4.219593167438454
2026-01-27,3.6105972549391447,4.257844979000879
2026-01-28,3.6094090013690465,4.271944963750178
2026-01-29,3.6289088243805727,4.2463762044493665
2026-01-30,3.622796560014506,4.195373651453181
2026-02-02,3.6170556877023303,4.22418075980683
2026-02-03,3.6078141912660575,4.159280464100077
2026-02-04,3.602704206183818,4.08662191614426
2026-02-05,3.594407782177684,4.027793834465717
2026-02-06,3.5951002644222294,4.112932779905561
2026-02-09,3.604762294911385,4.144438374890289
2026-02-10,3.6028017468877587,4.1252109353508555
2026-02-11,3.5984862005508074,4.136275225824905
2026-02-12,3.592130011426158,4.052147903317574
2026-02-13,3.5883685354483066,4.060783225632568
2026-02-17,3.588480049538968,4.056600117341656
2026-02-18,3.594010302418669,4.086891434616284
2026-02-19,3.594413443087639,4.0712399645127135
2026-02-20,3.6016677070911127,4.107265875432525
2026-02-23,3.5867692509818827,4.057342221802146
2026-02-24,3.5922155624689367,4.100924142932291
2026-02-25,3.6030144465308256,4.160359776204738
2026-02-26,3.6019698990156668,4.110166604102336
2026-02-27,3.597577986639597,4.097010965852257
2026-03-02,3.6000884054279596,4.10240835185327
2026-03-03,3.6030903349608208,4.058489635817808
2026-03-04,3.614451006469647,4.120353824510455
2026-03-05,3.616664245134822,4.107939877982012
2026-03-06,3.6063797444592955,4.046143378461512
2026-03-09,3.607530624863853,4.100182038471801
2026-03-10,3.6086184879403342,4.1002497276439485
2026-03-11,3.6069568485908095,4.099709865222191
2026-03-12,3.5982005671667534,4.0293453198199884
2026-03-13,3.587006755598617,4.005462598740032
2026-03-16,3.598525679324463,4.050393763185717
2026-03-17,3.601768576889977,4.0701606524080525
2026-03-18,3.5888241235590566,4.013423918505539
2026-03-19,3.578416134206746,4.000740453505071
2026-03-20,3.5630338777501387,3.9267999386670063
2026-03-23,3.5766295508259094,3.971875561711785
2026-03-24,3.5675657833178764,3.944720646992919
2026-03-25,3.5719485191954146,3.9706596330462665
2026-03-26,3.544004346884061,3.8758881882188234
2026-03-27,3.5104462813484325,3.8001662924845
2026-03-30,3.5167667034148593,3.771120208334064
2026-03-31,3.581417876348283,3.8987873526083754
2026-04-01,3.5991427728525576,3.946949849546369
2026-04-02,3.5904572898098985,3.9514755310865617
2026-04-06,3.591186413369752,3.9752530037586062
2026-04-07,3.5939240150660963,3.9758609680913657
2026-04-08,3.6353340287280314,4.0940714397301186
2026-04-09,3.6587884664760484,4.1217666296095965
2026-04-10,3.667703422879025,4.127710894592894
2026-04-13,3.688958858848289,4.170401712536055
2026-04-14,3.7424231533630916,4.246123608270379
2026-04-15,3.7816829533825587,4.305567083581063
2026-04-16,3.791443278427368,4.326304321850457
2026-04-17,3.8140910289614323,4.382910217536077
2026-04-20,3.791088716058183,4.368995139793618
2026-04-21,3.788398518786976,4.352378273509244
2026-04-22,3.812529836162552,4.42519613866292
2026-04-23,3.7780202154023104,4.400270426497504
2026-04-24,3.8094965196309722,4.484436546457164
2026-04-27,3.8129319876292884,4.486800714616053
2026-04-28,3.8113082259144693,4.441678039341855
2026-04-29,3.804177453917424,4.468832541321866
2026-04-30,3.758643784990925,4.510510085377096
2026-05-01,3.7669453206304975,4.553809280391871
2026-05-04,3.767984540421792,4.54523050329995
2026-05-05,3.7612354302236954,4.60420056714446
2026-05-06,3.7726345169114754,4.699849907515541
2026-05-07,3.7871285579619927,4.694243262915269
2026-05-08,3.785295335527939,4.804280267017274
2026-05-11,3.7842071544643616,4.818195344759733
2026-05-12,3.777009555885504,4.777328419814849
2026-05-13,3.788357479473114,4.8277878084784405
2026-05-14,3.7923418017097736,4.8621020913684125
2026-05-15,3.7913964413729317,4.788744363792979
2026-05-18,3.7854146468211685,4.76814167839017
2026-05-19,3.7720124358192666,4.7387583865955625
2026-05-20,3.782799100052883,4.817250172782803
2026-05-21,3.783514537648492,4.826436501468628
2026-05-22,3.788526223382497,4.846903808527143
2026-05-26,3.790965711727321,4.932961510657226
2026-05-27,3.8048837492827046,4.927354866056955
2026-05-28,3.8186225191696095,4.968897031767891
2026-05-29,3.8350319665927457,4.987202825445102
2026-06-01,3.8158250591268876,5.0171272178780315
2026-06-02,3.800376972201608,5.040228624306315
2026-06-03,3.8030659743278523,5.027056889240909
2026-06-04,3.804072688922384,5.002739141408252
2026-06-05,3.76033371729277,4.762602722962045
2026-06-08,3.759516693080132,4.836974137164265
2026-06-09,3.7458907298609363,4.78131382619443
2026-06-10,3.725290665282774,4.685799864167643
2026-06-11,3.7254655979934883,4.844066641640934
2026-06-12,3.7282881907759546,4.8725724506307575
2026-06-15,3.75493366935846,5.025638305797805
2026-06-16,3.750676273183881,4.9301239310321625
2026-06-17,3.713685075395364,4.880475574217773
2026-06-18,3.7218406221122047,5.0028068305804
2026-06-22,3.704963188179208,4.990249250930571
2026-06-23,3.6991752625368117,4.825925118027834
2026-06-24,3.6859958815826546,4.8054351103323185
2026-06-25,3.6654608043708894,4.84438610151436
2026-06-26,3.6902028845790245,4.777709790516458
2026-06-29,3.7084303129829506,4.896455997188423
2026-06-30,3.716879526700909,4.979767747719153
2026-07-01,3.75920001486135,4.903826687653062
2026-07-02,3.7320557557181204,4.818824358774075
2026-07-06,3.751253662722692,4.887935416274995
2026-07-07,3.7546601255389596,4.797387940885065
2026-07-08,3.738109565211114,4.810980256843262
2026-07-09,3.7438541831583003,4.88184916912573
