,core_qqq_trade_dips,QQQ_buy_hold,DIA_buy_hold,equal_weight_stocks
2023-01-03,1.0,1.0,1.0,1.0
2023-01-04,1.002032278715192,1.0047639580084065,1.0040456043184407,1.0075301296959944
2023-01-05,0.9857316418747366,0.9890351254183182,0.9939616663661012,0.987276713009213
2023-01-06,1.0110769779197204,1.0163338058043048,1.015276613439852,1.012516800577388
2023-01-09,1.0176321641477761,1.0229129189451283,1.012287715062397,1.034401583656752
2023-01-10,1.0250542957138014,1.0315710535035107,1.0181453182401234,1.0457669081834646
2023-01-11,1.046710562569347,1.0494176455780084,1.025783233768586,1.0718731488649282
2023-01-12,1.0497414720477876,1.0550891811526235,1.03254624958876,1.089370486441597
2023-01-13,1.0581242571363474,1.0623487419783355,1.0356861478711556,1.095617051366661
2023-01-17,1.058713749337663,1.0645039443358706,1.0239717238986297,1.106939137028312
2023-01-18,1.0480615014569028,1.050665270369335,1.0052835297049283,1.096005258332047
2023-01-19,1.0452154357336645,1.0403434005994157,0.9982185140748733,1.0881173278438312
2023-01-20,1.078377374286644,1.068814349050941,1.008250716956155,1.1267143898296557
2023-01-23,1.1015613278969199,1.0925589001120697,1.0158051131071437,1.170343887109785
2023-01-24,1.096444803241523,1.0903281055389784,1.0186153347836104,1.1614032068363134
2023-01-25,1.0886497496157845,1.0879084481718813,1.0192798712823607,1.1535223177657243
2023-01-26,1.1103384240717122,1.1091198357976946,1.025444266365397,1.1920469019218292
2023-01-27,1.123793612256006,1.1201604203398166,1.0261995592836972,1.2261436132009291
2023-01-30,1.1001437274204986,1.0975119564042501,1.0184940654299017,1.190767928060672
2023-01-31,1.116952251371227,1.113959386021657,1.0298856586471112,1.2152368314427973
2023-02-01,1.1381063131425873,1.137779882532994,1.0300072213944176,1.2596783042459587
2023-02-02,1.1874050527472808,1.1786146325335238,1.0286775616097217,1.3468512512140896
2023-02-03,1.1635917503184783,1.1576681708968086,1.0242960216219346,1.3212883229170642
2023-02-06,1.1493884618477983,1.1478750934011293,1.0227851423917367,1.3088684694947756
2023-02-07,1.1759532865997235,1.1716577938046882,1.0319709047437051,1.3408517334605947
2023-02-08,1.1495313883081213,1.150824367256655,1.0256256814066307,1.31722559277911
2023-02-09,1.1391048698871349,1.1406532109383114,1.018554895702488,1.3084327339588389
2023-02-10,1.1315439625569295,1.1331668734659313,1.0235406309057686,1.2855518405380624
2023-02-13,1.1473963638615898,1.151315834402653,1.0350835174215163,1.3027110316596673
2023-02-14,1.1555666027288563,1.1598229022748077,1.030823051191706,1.328409076148573
2023-02-15,1.1595609982499104,1.1687084022042784,1.0323939783115628,1.3278642001420065
2023-02-16,1.1378209090020517,1.1467786530409148,1.0194916036620216,1.2840317243951513
2023-02-17,1.1289597112626772,1.1386874600992025,1.0238863463617043,1.2811110709697828
2023-02-21,1.1010819005779453,1.1117288269383339,1.0025787341278953,1.245827524274461
2023-02-22,1.1014324380164282,1.1125606945441024,1.0003690891458843,1.2486107991879998
2023-02-23,1.1115359143509644,1.1222775910998055,1.0038498129909208,1.2637237625736346
2023-02-24,1.0915691535347403,1.1034860963308575,0.9931051526566008,1.2380581019212753
2023-02-27,1.097538695374407,1.1113880732439116,0.9959500925754599,1.2527164430486246
2023-02-28,1.0965597743411908,1.1099514679136948,0.9884137890296613,1.2552016338494276
2023-03-01,1.0902353972876617,1.1010286428559821,0.9897153808268457,1.2456628307560746
2023-03-02,1.0993688659635348,1.110140683942353,1.0001268438320647,1.2436514333605349
2023-03-03,1.1218671924715116,1.1330913989952593,1.0115372142395258,1.2794131216808413
2023-03-06,1.12456822957998,1.134376819894364,1.012959879794687,1.277432728133203
2023-03-07,1.1115656632753588,1.1204631424366926,0.9953750411240027,1.2648830145566876
2023-03-08,1.119060695963368,1.1260586148162155,0.994225036018954,1.2705715092211702
2023-03-09,1.0989974481106675,1.1065487585097171,0.9778510327259042,1.2427327601111147
2023-03-10,1.0825231888776305,1.0910087887136348,0.9677116433836027,1.2271144020473208
2023-03-13,1.091129870309749,1.0991000994002311,0.9649571664906957,1.2371578069518
2023-03-14,1.1161581082191288,1.1243573189866687,0.9751571905098516,1.286991988898076
2023-03-15,1.1204552930892775,1.1302555134630679,0.9671365919321455,1.295218151554775
2023-03-16,1.15317184272707,1.1600500321561278,0.9783657428941048,1.3453437730133389
2023-03-17,1.1500142520408199,1.1545674771204029,0.9665541078428803,1.335163093089458
2023-03-20,1.1533043994484187,1.1586647635953542,0.9780861387955136,1.3362009130836054
2023-03-21,1.1745444783828365,1.1752133360681545,0.9881611771420569,1.3716935992365855
2023-03-22,1.1600858440340711,1.159233000405749,0.9716527017834028,1.3581420046132808
2023-03-23,1.1750146547233025,1.17297924463831,0.973655406481182,1.379526299627032
2023-03-24,1.1757782679568825,1.1772964785566549,0.9781468712702339,1.3733366178223803
2023-03-27,1.163357083723921,1.16923024753036,0.9841854982977304,1.3570729293218222
2023-03-28,1.156874395165948,1.163019675876593,0.9826685555998471,1.3437277133755636
2023-03-29,1.1775367852958083,1.1842261182172764,0.9925918116585227,1.3709015398590123
2023-03-30,1.1861279995565948,1.195435195688465,0.9968406399422914,1.383309149674832
2023-03-31,1.2055240938679244,1.2153163016143531,1.0094043405822415,1.4133170021599857
2023-04-03,1.2033072761095551,1.2123624357083498,1.0193885247113692,1.3969522201588584
2023-04-04,1.2017511307992081,1.2082725671610932,1.0134102389671293,1.395770205461948
2023-04-05,1.18756652391921,1.196344186193282,1.0160808052910992,1.366694193816766
2023-04-06,1.1992765320006533,1.204410417219577,1.01632373518998,1.3823207787202367
2023-04-10,1.1949661836862786,1.203728203361428,1.019540111403505,1.3777330160013748
2023-04-11,1.1863936296077233,1.1960033147539757,1.022392581758038,1.3675412794323916
2023-04-12,1.1733919852824617,1.185438184053622,1.0215127921564546,1.3487272488815907
2023-04-13,1.198157376226799,1.2086514701979456,1.03292306476605,1.3804816004731144
2023-04-14,1.1986631049558465,1.2063794649154391,1.0282803066784598,1.380068384382273
2023-04-17,1.1968983010637193,1.2074017259987062,1.0315580021539001,1.3751407129592634
2023-04-18,1.1949208230294135,1.2074776714489144,1.031193509507713,1.3694043303551366
2023-04-19,1.1945810031397297,1.2069095523834037,1.028735360148465,1.3653433148638994
2023-04-20,1.19110754632867,1.1977074364607394,1.0255793252181968,1.3448228712431631
2023-04-21,1.1902030715559453,1.1989568274253268,1.0266238064259456,1.3400674775348231
2023-04-24,1.1874733832201338,1.196457456771732,1.0285668544255295,1.332039947844449
2023-04-25,1.1622757608129173,1.173887999653359,1.0181830682163586,1.3001072428686884
2023-04-26,1.1695694221475121,1.181007326322175,1.010956099320383,1.3118085382081193
2023-04-27,1.2071003392037662,1.2131200062922867,1.0268972492589856,1.375909345356171
2023-04-28,1.209574869191865,1.2214888416705738,1.035489965352172,1.3831012992583867
2023-05-01,1.2053004782681318,1.2200875598055703,1.0334554763479773,1.377053375150468
2023-05-02,1.1954106547122143,1.2094466013998926,1.0228584907911573,1.3685807588214143
2023-05-03,1.189367245778698,1.2015321435291297,1.0144781916626928,1.3486214895832571
2023-05-04,1.1863686816035144,1.1972909728058772,1.0060373556552398,1.355236901601726
2023-05-05,1.2082987450226024,1.2227384681249291,1.022434048053177,1.3877395551665057
2023-05-08,1.2138115379434555,1.2257679262464884,1.0208848320595487,1.403568728687304
2023-05-09,1.2081159766321035,1.218005123786374,1.0195189870644719,1.3978074122699438
2023-05-10,1.2253704616891627,1.2312587234240966,1.0186687324183887,1.4163073117496483
2023-05-11,1.234047607418765,1.2352731175006813,1.0121102119357992,1.4294760229817918
2023-05-12,1.229360206650263,1.2308423775141182,1.0117154019511847,1.416141726109118
2023-05-15,1.239474831254594,1.2375072089305257,1.0134459351881806,1.427002459228512
2023-05-16,1.2446286592515992,1.2389083730506452,1.0030615621918144,1.444103366414137
2023-05-17,1.2681404489713253,1.2539043614824457,1.0159965035306986,1.4762738959488002
2023-05-18,1.2921631236009417,1.2771934753320935,1.0203991678575186,1.5066984102404817
2023-05-19,1.2879981401477225,1.2743152016416464,1.0169182484167503,1.5021556882640865
2023-05-22,1.2898564582732583,1.2785946394522132,1.0129926420797617,1.5196652256575094
2023-05-23,1.2743681039910277,1.262386702928951,1.0060245441348077,1.5032879423803256
2023-05-24,1.2703482122876188,1.255911558520738,0.9981127945818418,1.5019878144149843
2023-05-25,1.313118064166099,1.2864714189600819,0.9973221966339539,1.5577912253210924
2023-05-26,1.3474076431869033,1.3193410807897101,1.0067245812588776,1.6092267209103386
2023-05-30,1.3502599453728839,1.325324404817273,1.0057503189188406,1.6153556911302622
2023-05-31,1.3369849200944444,1.3177884967487106,1.0027076317151438,1.5970012281590786
2023-06-01,1.3515096851383483,1.3330119682964836,1.0070285370260765,1.6213685038964218
2023-06-02,1.3607761442477173,1.3430093331659787,1.0287248957768143,1.6316814528261183
2023-06-05,1.3613648388978072,1.3439558842888055,1.0228216209957153,1.6356128357471758
2023-06-06,1.36658645607917,1.3437287544074854,1.0229433793387535,1.657101620203038
2023-06-07,1.342855298177302,1.320931460938488,1.0259865555317798,1.6202621161094686
2023-06-08,1.3566116128423638,1.3373287312352922,1.030976398245428,1.6464716026096367
2023-06-09,1.365139299148998,1.342441331845352,1.032376374695702,1.6704091450770164
2023-06-12,1.3938659724798923,1.365124295031943,1.0381578911337628,1.7104087039729114
2023-06-13,1.4010715824680295,1.3756141867513927,1.0425702374493064,1.7126030907298357
2023-06-14,1.4092487157006024,1.3856110806413517,1.0358755823373924,1.720585808410103
2023-06-15,1.4196810122569623,1.402121857006374,1.0491126212840234,1.729685764187133
2023-06-16,1.4101599319973799,1.3932984086307942,1.0459284205683776,1.7163924419487255
2023-06-20,1.4088225965945715,1.3913040457848627,1.0383344162817016,1.7302289769937067
2023-06-21,1.3872328521108137,1.372343469362428,1.0351928554355858,1.6845290280064489
2023-06-22,1.4086046909713819,1.388535745816112,1.034918532421753,1.7111839223191772
2023-06-23,1.393346899307069,1.3747705446572198,1.0282702334982727,1.697243346004949
2023-06-26,1.368477170103582,1.3563413508964741,1.028209109832089,1.6477295166005823
2023-06-27,1.3928437830739808,1.3796622558648137,1.034583183539602,1.6845069952442675
2023-06-28,1.3952069327182606,1.3823548458731243,1.0327533854687236,1.6915638954513226
2023-06-29,1.3917837946471194,1.3795865459043737,1.0404692458963039,1.6876112940923464
2023-06-30,1.4104296109007877,1.400860220573846,1.0486732154725613,1.71539338035267
2023-07-03,1.4225691579875384,1.4041590789900975,1.0493440110347287,1.7400598411835309
2023-07-05,1.4205629036719112,1.4041209296476673,1.0455017284794819,1.7459494272418492
2023-07-06,1.406131631199062,1.393427457023706,1.034583183539602,1.7299593500027692
2023-07-07,1.4040706501833622,1.3888011427847466,1.029093495933369,1.724777745994057
2023-07-10,1.3992386181477185,1.3892563445064594,1.035650647245836,1.7097881088368356
2023-07-11,1.4084052503883566,1.3961199292871325,1.0449829108009137,1.715497242325599
2023-07-12,1.429134353074843,1.413753167631743,1.0480022243146618,1.7496053067533293
2023-07-13,1.4561735059751189,1.4377564042031157,1.0488868060116738,1.7825808586314869
2023-07-14,1.4566595412151615,1.437453093381819,1.0526988690263597,1.784652228094781
2023-07-17,1.4673264464140263,1.4508771876116369,1.0547730639641073,1.8017166225007264
2023-07-18,1.4726548711093814,1.462746342902774,1.0661485205334442,1.8076563599876891
2023-07-19,1.4719850160569012,1.4624047649941634,1.0695337936613682,1.806457341188151
2023-07-20,1.424696873128167,1.428693698223159,1.0748404036626473,1.721103078375412
2023-07-21,1.419911810516922,1.4244086086581582,1.0747732165287782,1.7082132798075933
2023-07-24,1.4262997589518644,1.4266839107974179,1.0806641687787746,1.7189360006834618
2023-07-25,1.4369791541349204,1.4363533561648514,1.0814272855263463,1.7310091232080291
2023-07-26,1.4347917942555029,1.4315755042601277,1.0842654773924585,1.7292419742894642
2023-07-27,1.4304856279127538,1.4281625510512381,1.0766961181679877,1.7296376927046968
2023-07-28,1.45930060968094,1.4541763992625403,1.0819154924728895,1.7789036140623193
2023-07-31,1.4575120395757128,1.4549344408260134,1.085241989083411,1.7747258229139935
2023-08-01,1.450846855828076,1.45155951921467,1.08716537971195,1.7712984812993324
2023-08-02,1.4162073090093368,1.4197065844587586,1.0766048727591087,1.7169366390130623
2023-08-03,1.4156991577317934,1.4174311645746147,1.0743156203142596,1.7272953903917951
2023-08-04,1.4168728913781388,1.4107950629099142,1.070225615764703,1.7321763854879015
2023-08-07,1.4284053856080405,1.4227399281614914,1.0823426735511148,1.7442192881685619
2023-08-08,1.4141937226093864,1.4106435252441498,1.0774592349155594,1.7234280783330553
2023-08-09,1.397555718882868,1.3951338158832667,1.0721486152017785,1.6919395591512625
2023-08-10,1.4021334034811086,1.397712664333591,1.0740103931748044,1.6982646571815712
2023-08-11,1.3887185002942433,1.3888011427847466,1.0773984046429732,1.67971533581527
2023-08-14,1.4035741411023532,1.404386679850954,1.0780391762603114,1.700277711600037
2023-08-15,1.3862428438176417,1.3894838276224317,1.0670514882292446,1.675008357031707
2023-08-16,1.3714386886587837,1.3747705446572198,1.0614355435781422,1.6442749623406245
2023-08-17,1.358047345656757,1.3597539508707117,1.0531646802616133,1.6177652867331258
2023-08-18,1.3526853281660418,1.358047709756035,1.0549070470403823,1.6083843229781167
2023-08-21,1.379330206495208,1.3799278883232162,1.053531422258716,1.6487981117841637
2023-08-22,1.3779731899464518,1.377955897005253,1.0483043219224086,1.645227466129689
2023-08-23,1.401642090912233,1.3996844201617862,1.0540201181945887,1.6796144813471954
2023-08-24,1.370616092328397,1.369764974146756,1.0424051546516773,1.6290011846965533
2023-08-25,1.3833262172409175,1.380382854555161,1.0499549543029691,1.645513405130021
2023-08-28,1.3932986560796627,1.3907731341027099,1.0567100484960057,1.656160433417419
2023-08-29,1.4279567880970896,1.4211473108599169,1.0656050577926708,1.7074305352919295
2023-08-30,1.43355242403779,1.4290728367497796,1.0679890763695712,1.71082073303473
2023-08-31,1.4355178744841557,1.4333576908250125,1.063129207019696,1.71358454496242
2023-09-01,1.428512185893494,1.431840901228762,1.0667053815818452,1.7071110644376104
2023-09-05,1.4378439631442939,1.433661237136077,1.060591841389074,1.7308895333472833
2023-09-06,1.4210371210472728,1.4210334515570466,1.0545400116496817,1.7059193873061451
2023-09-07,1.4090280064356906,1.4108708906152383,1.056649022627688,1.693721062024241
2023-09-08,1.40837568062663,1.4128427641883174,1.0591555819305534,1.692844007869772
2023-09-11,1.433262854586251,1.4294901246188303,1.0617841929700547,1.7409264581277253
2023-09-12,1.4196983317759728,1.4136391905839887,1.0612952036405843,1.7181885529846432
2023-09-13,1.4282366715155812,1.4190237818761893,1.0592775358693234,1.7393102263166496
2023-09-14,1.4405312470960747,1.430627540198692,1.0696400021437291,1.7552743540288638
2023-09-15,1.4147427208923082,1.4061310703080607,1.060822546554718,1.7156173510557016
2023-09-18,1.4116583069582114,1.407596640879752,1.060853059488877,1.711227026614666
2023-09-19,1.4077060390395215,1.4045966189792036,1.0575433841112893,1.7097757205368074
2023-09-20,1.3881936173040703,1.3843558024325622,1.0552448408691806,1.6786836342772544
2023-09-21,1.3584643142436188,1.3589882558897757,1.0437826375927954,1.6396758447085606
2023-09-22,1.3545433995919463,1.3591781783877381,1.0407177502735405,1.630143697730746
2023-09-25,1.3627432180021881,1.3656337771451998,1.0419436465225231,1.643580201865554
2023-09-26,1.3407209458670972,1.345127092650388,1.0298687396163115,1.6140346675430806
2023-09-27,1.3452974256242798,1.3482791231962368,1.0279993334097461,1.616285037745942
2023-09-28,1.3618416152946997,1.359557905638779,1.0316462158289366,1.6433265144609432
2023-09-29,1.3653592396230758,1.360545196491485,1.0265285513045648,1.646222646683847
2023-10-02,1.3766165629270628,1.3718999243842354,1.0238927032229874,1.6703841358817428
2023-10-03,1.3490563242981688,1.3478235682398718,1.0112964358936944,1.633445759155729
2023-10-04,1.3748917083680439,1.366165513041541,1.01439203174284,1.6764146068360053
2023-10-05,1.3710440096548082,1.3621401686907404,1.0149437095043488,1.6724028726407933
2023-10-06,1.3962232999467044,1.3849636015239957,1.0239233139550121,1.7091194804001852
2023-10-09,1.400193216175483,1.3920267638831227,1.030021793276436,1.7144855364184752
2023-10-10,1.412646434271266,1.3997358746761133,1.0341901339165738,1.7292174831077434
2023-10-11,1.4223433465324726,1.4097233489753487,1.0359678057249306,1.7459436518714564
2023-10-12,1.4182748418908133,1.4048245730747122,1.0305733732400786,1.7379322808755564
2023-10-13,1.3945614785981622,1.3871659018351483,1.0318300758168175,1.6992722817492587
2023-10-16,1.4103631714021398,1.4028497558795319,1.0416679543385676,1.7218698190840604
2023-10-17,1.4058742977243424,1.3982548795246121,1.0419744528502797,1.720263030500419
2023-10-18,1.3813435790873423,1.3799125814882907,1.031677315550291,1.6812756281376322
2023-10-19,1.368909981312831,1.3670010307387148,1.0239846332169278,1.6574812636854275
2023-10-20,1.346423909462932,1.3466083232916572,1.015573234367109,1.62727755973469
2023-10-23,1.3479863165737382,1.3506716992400039,1.0098389542982749,1.6336950926366862
2023-10-24,1.362015602725353,1.363811204085088,1.0163398718378527,1.6487456534854108
2023-10-25,1.3220272891411093,1.3304305294587102,1.0129974341751904,1.5871711509733433
2023-10-26,1.2980221269582144,1.3050631006608078,1.0052397162610076,1.5450139741766713
2023-10-27,1.304769336769498,1.3113291301549592,0.9941081675692106,1.5721690184696948
2023-10-30,1.3121323213433214,1.326101403307077,1.0095635555079172,1.582717528964062
2023-10-31,1.3205676381913756,1.3324434959963207,1.0133961560744407,1.5912293472185453
2023-11-01,1.3510977999277882,1.3555702396508722,1.020142350661681,1.644997244011416
2023-11-02,1.3793863311268295,1.3801784494364613,1.0376519827734927,1.6708681076629475
2023-11-03,1.3979305528422028,1.3963941571220702,1.044459105431185,1.6916171582557826
2023-11-06,1.4031324696865377,1.4020901836325663,1.045777616259169,1.7002556082226032
2023-11-07,1.4155916598239742,1.415343901015173,1.0473109889985224,1.7196772608099542
2023-11-08,1.4154022020087422,1.4162550109279026,1.0460228933068314,1.722908386749538
2023-11-09,1.4012426562056723,1.4053560734812853,1.039859476202454,1.7026071817119697
2023-11-10,1.442200665339537,1.4369518534104453,1.0518188838290445,1.75274933009983
2023-11-13,1.4393329497196574,1.4324707186135115,1.0535357253648154,1.7530917289000008
2023-11-14,1.4755485198902245,1.4633066908059378,1.0684079446291954,1.7977282090973166
2023-11-15,1.476195607402278,1.4644079587063983,1.0740807098403822,1.7948079382608406
2023-11-16,1.473976808491897,1.465661352997043,1.073314463561102,1.7965535766824445
2023-11-17,1.477809168147754,1.4660030486505378,1.0736738707182627,1.7993545327526983
2023-11-20,1.4928642675936965,1.483851289153412,1.0800954741886004,1.8166920664623865
2023-11-21,1.483618558847055,1.4752310684476915,1.0779448013197235,1.8075357991253018
2023-11-22,1.4888648044819093,1.4812690261014505,1.0832910194566898,1.8203387329554688
2023-11-24,1.4860433528127235,1.4791803496034,1.0871012243119236,1.8126615784109665
2023-11-27,1.484568229089943,1.4778893946947451,1.0856265302921067,1.8109438079360898
2023-11-28,1.4929661187168664,1.4817626126553614,1.088053775525732,1.830470226840677
2023-11-29,1.49366514636961,1.4803196491014063,1.0897132097142228,1.8186215721690582
2023-11-30,1.4846855431972723,1.4765978510616702,1.1061516618008969,1.7977533850016447
2023-12-01,1.489909366528861,1.4808132356553174,1.115523240098064,1.7959564836892807
2023-12-04,1.473434221944047,1.4670661672085679,1.114263701383214,1.7677755611372552
2023-12-05,1.4772421967744418,1.4707498159058738,1.112020609531067,1.779926695434511
2023-12-06,1.4722915418348916,1.4622433367581396,1.1099003517984831,1.7709163858315915
2023-12-07,1.4973237265589774,1.4826741935476275,1.1117743545047458,1.8250962005142295
2023-12-08,1.5054100213025325,1.4892818009503896,1.115738297605165,1.8367857740614333
2023-12-11,1.515791770999925,1.5020033114571187,1.1205626663297203,1.8276086271048675
2023-12-12,1.5263087694176085,1.5139659561861867,1.1258472718111734,1.8451668828652545
2023-12-13,1.5433713593274256,1.533219364135238,1.1422247958273954,1.8556598703607965
2023-12-14,1.5506740536418673,1.5318901421392692,1.147109897026671,1.8631842866951744
2023-12-15,1.556468726397104,1.539295353386543,1.1475195722869014,1.8750738127997773
2023-12-18,1.5652477768802877,1.5489909381182343,1.148597598162652,1.8931174411196878
2023-12-19,1.5756176520794758,1.556905513733881,1.156357761023482,1.9110323519580836
2023-12-20,1.5445489827885615,1.5337704101925624,1.1418839702647545,1.878991607697027
2023-12-21,1.5677276255007875,1.5516164135426398,1.1513690918842245,1.9121208243043513
2023-12-22,1.5696643418330218,1.5539376361866766,1.1511225434643055,1.9099315545891333
2023-12-26,1.5820887774254877,1.563450480858332,1.1558960572985961,1.925274427252024
2023-12-27,1.5875778296885623,1.5666332428189162,1.1596221559891609,1.9374787665451305
2023-12-28,1.5834537345899777,1.5658717866538059,1.1610692710107957,1.9346877488011398
2023-12-29,1.5743454553926721,1.559095097597557,1.160576858756019,1.917532995076668
2024-01-02,1.5482584718501364,1.5327116481952416,1.1612542067752014,1.8735797458877952
2024-01-03,1.5281113765046912,1.5164931146324159,1.152385407306596,1.8489072999322835
2024-01-04,1.5187861067876054,1.5086887482282338,1.1534014293353696,1.8375376845662748
2024-01-05,1.5211019565222978,1.5104779994861612,1.15370939481507,1.8469295965603179
2024-01-08,1.5530118543294726,1.5416966425517296,1.1604843419748831,1.8944818985167693
2024-01-09,1.5528306999467572,1.5447423494672867,1.1553726431203308,1.8987350695167016
2024-01-10,1.5590058893451868,1.555211871321797,1.1608231137823404,1.9173729546643705
2024-01-11,1.5597594587987604,1.5584478539699689,1.1615008529929862,1.9107159020984879
2024-01-12,1.556629828985773,1.5592473417326254,1.1576205270679065,1.9054341102982901
2024-01-16,1.5574642499808333,1.559095097597557,1.1506910592799808,1.9203858018717317
2024-01-17,1.5508257607008507,1.5503004967185678,1.147796927034577,1.9163329278866001
2024-01-18,1.58679845957866,1.5723059558423715,1.154233004589067,1.9558199882440608
2024-01-19,1.6152134467564307,1.6034860963308575,1.1665672714356297,2.0003175312829233
2024-01-22,1.6142285432798409,1.605580189093574,1.1710965839987826,1.9807394893536867
2024-01-23,1.6214583367053952,1.6122426656123006,1.1679229454526534,1.9927551468356102
2024-01-24,1.631098453388194,1.62118927513659,1.1649956597307116,2.0249465205367896
2024-01-25,1.6219519277228551,1.6231691553617842,1.1723600346282683,2.0089563785535067
2024-01-26,1.6149592505331603,1.6134988857801622,1.174239514015021,2.0060171489416865
2024-01-29,1.632709685876204,1.6300217898682412,1.181079985744983,2.02976533779579
2024-01-30,1.6222726603813111,1.6191714810587337,1.1847160126010594,2.0062464126527004
2024-01-31,1.5892805610921654,1.5874579562455302,1.1751023845858046,1.9465429072719693
2024-02-01,1.607357120045198,1.6061511340363017,1.1865954919878121,1.972360908468617
2024-02-02,1.6354508984311193,1.6332960396037273,1.1906626118367496,2.092583636900469
2024-02-05,1.6335583593435348,1.6311640329883488,1.1819123433816077,2.06613186285641
2024-02-06,1.6326256700611939,1.6278900187426306,1.1865340749280306,2.0551642970551733
2024-02-07,1.6518351963879934,1.6446412301608702,1.1914330634242631,2.097193207849103
2024-02-08,1.6556125630926317,1.6476869370764275,1.193528284903178,2.110300577353762
2024-02-09,1.6728522844164455,1.6639052351494854,1.1915870950630463,2.1333011212933424
2024-02-12,1.664246838466435,1.6573951205107114,1.195870054802012,2.1124975680839593
2024-02-13,1.6377722410289999,1.631544702198462,1.17957018229131,2.0776446905457
2024-02-14,1.6568005916758486,1.6493239441992864,1.1840992992587314,2.1188980789277854
2024-02-15,1.666652474768794,1.6542353188025156,1.1963011477948733,2.131042869365772
2024-02-16,1.6521193994861645,1.6392350915548894,1.1918324699085747,2.1036053996918573
2024-02-20,1.6375894374291735,1.6268618704151614,1.1902896107762295,2.072439533915445
2024-02-21,1.6318220535351406,1.6203518735212714,1.1914006923306522,2.0723091293866296
2024-02-22,1.678247188647857,1.6677884614252454,1.205257378555588,2.152186684849307
2024-02-23,1.671167695216746,1.6628775578015522,1.2075411543199468,2.1320173373682314
2024-02-26,1.6736010481037935,1.6620016536091515,1.2057821619039757,2.1270401422294065
2024-02-27,1.6775607903053846,1.6659993279122018,1.2025418252133069,2.134656956316847
2024-02-28,1.6701128627959958,1.6571286638381206,1.2023564982574377,2.1242040210263355
2024-02-29,1.6835925726176808,1.6713292855782063,1.203436577888372,2.1741981222937854
2024-03-01,1.70793920058036,1.6964943109204376,1.2076336711010827,2.216186669065851
2024-03-04,1.6957831314271674,1.690440810941985,1.204300817629278,2.1969699875361215
2024-03-05,1.663574321809155,1.6600979543239336,1.1918324699085747,2.156830472778146
2024-03-06,1.6716799852480313,1.6705294445808976,1.1948879686327036,2.175990511634056
2024-03-07,1.696802725363783,1.6958853343801639,1.1988072181084093,2.2217770998119892
2024-03-08,1.6719877767137252,1.6714053487732985,1.1973876820849567,2.1985327610008425
2024-03-11,1.6671358320314666,1.6651999578944294,1.1987148969230053,2.1480563882865398
2024-03-12,1.6898116782260875,1.6890704959814848,1.2060289059196265,2.1941117920178126
2024-03-13,1.6738778546133373,1.6760882983014829,1.2073561207576753,2.1624521731952724
2024-03-14,1.6667740990216577,1.6718620811785039,1.2038069384065129,2.146249422528916
2024-03-15,1.6482822758590867,1.6519890996496147,1.1971959982678042,2.1289753158253943
2024-03-18,1.6678171975372535,1.667744660328381,1.1994543465870304,2.1640803678543956
2024-03-19,1.6706910031754172,1.671899995031166,1.2092608319938285,2.145077883265492
2024-03-20,1.6915157690983713,1.6917232882189885,1.2219133330960106,2.1696514805148706
2024-03-21,1.6979049459017976,1.699728762885117,1.2304514779800282,2.164469021216196
2024-03-22,1.6988846142261786,1.70167308415533,1.2204902763493857,2.173849929992783
2024-03-25,1.6937836729565374,1.695497247242356,1.2156027302034627,2.1625252422514962
2024-03-26,1.690763306288531,1.6900078630033564,1.2152931999579077,2.154317077357715
2024-03-27,1.6972061970472485,1.6957640571495989,1.2298640061996022,2.1604363757809484
2024-03-28,1.6924460437397764,1.6926382837128917,1.2304825777013824,2.146779223795154
2024-04-01,1.6956142082025707,1.6962213782792244,1.2229649535479696,2.17470132142204
2024-04-02,1.677866859254056,1.6815829810602645,1.2115192781109207,2.1549923982859407
2024-04-03,1.6822376966196129,1.6853567045938638,1.2103744562927645,2.176836842910536
2024-04-04,1.6588493743341226,1.659586706037416,1.1941642644250874,2.1391137708504813
2024-04-05,1.6747776423927225,1.6791431893179958,1.202950033505549,2.1752462891908677
2024-04-08,1.6788055468559302,1.6796386597900514,1.203692417105551,2.1797734279787035
2024-04-09,1.686450846056767,1.6858526460454557,1.2028883230521696,2.1934275710321955
2024-04-10,1.67015712042383,1.6711375969069833,1.189493144956388,2.181024544240926
2024-04-11,1.696869278189264,1.6978225909573341,1.1895860529289874,2.214773367488033
2024-04-12,1.6694808251271356,1.6707562212275657,1.175138863189783,2.168917549998649
2024-04-15,1.6390435399048926,1.643270561965718,1.1672198765947408,2.120330228145548
2024-04-16,1.637266274431085,1.6434230415905544,1.1692923111709026,2.11643151368494
2024-04-17,1.617402608688292,1.6233712055828031,1.1676528277470541,2.0848375941275457
2024-04-18,1.608170714286249,1.614107626830668,1.1688592622207234,2.0692938125977376
2024-04-19,1.5695028729620781,1.5807130583079732,1.1755384652698262,2.006643507514239
2024-04-22,1.5829876567527572,1.5966095596129395,1.1834933436816515,2.017646248366124
2024-04-23,1.6083176263977121,1.6204357078787106,1.1916951617048595,2.05924464804766
2024-04-24,1.620130117483624,1.625925327607478,1.1898997884827756,2.074827319618625
2024-04-25,1.6190823392316487,1.618072214821302,1.17900520402004,2.0289833247055613
2024-04-26,1.6434112686078064,1.643041901400905,1.1833075277364526,2.0730769636103927
2024-04-29,1.6633869270291908,1.6497133265308188,1.1879191861026885,2.093870193936051
2024-04-30,1.6301539273488397,1.618605952380672,1.1703698480573237,2.0499892834674895
2024-05-01,1.6038879796310164,1.6069026996311524,1.1727220823278082,2.032798287511798
2024-05-02,1.6234078858191348,1.6274119745134135,1.1830600991357407,2.058724383501276
2024-05-03,1.6565408370310475,1.660120325851902,1.1971115987095375,2.106388624828018
2024-05-06,1.679090677168598,1.6783044925089527,1.2023116090369923,2.143369585798849
2024-05-07,1.6748429673580547,1.6785711846713116,1.2032089044565706,2.135277480111895
2024-05-08,1.6717858792866616,1.6775801259823162,1.208594730729224,2.136045336631271
2024-05-09,1.672411620637279,1.6812397547232771,1.2194897063834231,2.137671341975914
2024-05-10,1.6737661638555321,1.6852044604587952,1.2231418698873722,2.1398879719510955
2024-05-13,1.6771655336033442,1.6890927497645691,1.2209135455129752,2.1301244030157886
2024-05-14,1.6916707172789853,1.6999574234499297,1.2243800886674572,2.1602405552697053
2024-05-15,1.7196469448808205,1.7265282049627584,1.235832218763655,2.192448154722011
2024-05-16,1.720121936226906,1.723021291336402,1.235615303097102,2.1829865645240636
2024-05-17,1.7225007403849257,1.722182594527359,1.2397504902607017,2.1911671118867737
2024-05-20,1.7336112101619674,1.7341906887816678,1.234015819000404,2.195454472220834
2024-05-21,1.7398826683894701,1.7375833898705018,1.2361238519997513,2.2056604067802645
2024-05-22,1.737637023776664,1.7372402812783987,1.229552226603132,2.204510908013676
2024-05-23,1.7228109900096267,1.729425553324421,1.210953810850321,2.173915644344709
2024-05-24,1.7454336917687514,1.7457796112487811,1.2108917092054785,2.215738412335014
2024-05-28,1.7554870880814095,1.7523746199489505,1.2045682947924983,2.227906854951895
2024-05-29,1.7378914575802737,1.7400232993576545,1.192107281911737,2.199090550349318
2024-05-30,1.7247957902580608,1.7213816938260942,1.1824981525983134,2.1796214676552736
2024-05-31,1.7219044538647095,1.7181795039596428,1.2012513823728344,2.1731168089208306
2024-06-03,1.7254828268524192,1.7274051688591157,1.1972528188278886,2.186607536965824
2024-06-04,1.7251150885249849,1.7321321549739324,1.2011896719194552,2.177106953297614
2024-06-05,1.7615467908344782,1.7670516374898768,1.20435079233875,2.2364514674396365
2024-06-06,1.7629595311532407,1.7664414835007627,1.20683104401569,2.244407461684201
2024-06-07,1.7625662367539097,1.764878655654851,1.2042273714319915,2.2470820382073375
2024-06-10,1.7591269569632286,1.7720071664246224,1.206707329715334,2.247696784750836
2024-06-11,1.766692850748538,1.7841680935384199,1.2026153692084594,2.261221200696238
2024-06-12,1.79092397674686,1.8075366851847972,1.201747608744381,2.2968663504517384
2024-06-13,1.8012184609483968,1.817334001496302,1.1992363551439527,2.2915627983522078
2024-06-14,1.807019046533377,1.8267499421283895,1.1979346655489023,2.2865479459135125
2024-06-17,1.82899921347087,1.8491272395960032,1.2045063887433873,2.314222381049248
2024-06-18,1.8243937859466213,1.8496991264978033,1.2062423008630074,2.2926457503227033
2024-06-20,1.8182707431454102,1.8354416339787245,1.215324397477128,2.2990561653359975
2024-06-21,1.8141243632554307,1.830524018896641,1.2157717249157276,2.299201878481399
2024-06-24,1.795097135952006,1.8096841163799853,1.2239736407368014,2.284127727169567
2024-06-25,1.8148809497748768,1.8303790749443831,1.2147776096089142,2.320232410894947
2024-06-26,1.8192340216686413,1.8341590389568367,1.215460923297916,2.342212427841738
2024-06-27,1.8257686895000045,1.8388935607442325,1.2164551364025955,2.3624440273620118
2024-06-28,1.8206912826715198,1.829348100739697,1.21511951094808,2.33880044636857
2024-07-01,1.8303845943587493,1.8400773678084075,1.2161445303805158,2.3600004964519057
2024-07-02,1.8632624447548944,1.8593975371067115,1.2218300093142687,2.420486461562133
2024-07-03,1.8827362745442475,1.8748994753052477,1.2204007913020924,2.4487966645163652
2024-07-05,1.910100454166139,1.8944487761479007,1.2231035331239415,2.521659866974248
2024-07-08,1.9217057186064574,1.8989541663909475,1.2223578243964992,2.5280580047178334
2024-07-09,1.9255705794359261,1.9005960010540521,1.2207425948433923,2.530165608973985
2024-07-10,1.950118068632561,1.9204125827834844,1.2341632981821724,2.572288840578733
2024-07-11,1.9022260750904323,1.8782975926587477,1.2353129120957573,2.4828671180448922
2024-07-12,1.9144771623714556,1.8893321722117835,1.2436702287257368,2.4824697782915166
2024-07-15,1.9188880406684619,1.8944105090605865,1.2500076282335397,2.4812579726994635
2024-07-16,1.9188385420401024,1.8951360530360637,1.2726864643450497,2.4712139393699073
2024-07-17,1.8487235521180292,1.839504538947535,1.2797385706568065,2.3522285696442498
2024-07-18,1.8377617654543734,1.8307988354559988,1.263552828255603,2.343841011457884
2024-07-19,1.8150812930260072,1.8145713532819856,1.252437807403142,2.3118933711671352
2024-07-22,1.8481039363791703,1.8416044012095696,1.2561677202104766,2.3588783474974133
2024-07-23,1.8383361836772378,1.8351134789868948,1.2541163121754821,2.35926328310354
2024-07-24,1.7588729240373602,1.769287377348098,1.2391348526948984,2.2249851208971916
2024-07-25,1.737447477189428,1.749776108102991,1.2416836606758301,2.194985230836717
2024-07-26,1.7543389691205833,1.7677219591147375,1.2618247399652545,2.220514350763447
2024-07-29,1.7625332226645647,1.7712727915828421,1.260394837368017,2.236558223844778
2024-07-30,1.7362018901167318,1.7469508196103634,1.2663004592978975,2.2084726180631846
2024-07-31,1.790882241792237,1.7986496545718338,1.2696567842575166,2.2727255783990707
2024-08-01,1.7344218122691135,1.755083694241027,1.2533083062074653,2.2318809763513032
2024-08-02,1.6988023893000577,1.7134268494601044,1.23434842954231,2.1647595230556997
2024-08-05,1.6617982124070543,1.6623389927019365,1.202272098699171,2.105207345418431
2024-08-06,1.6636319195184162,1.6782226598145424,1.2120627408516942,2.1297959359142626
2024-08-07,1.642427999615094,1.6600481482379832,1.2052559115875996,2.1149039444964832
2024-08-08,1.7019655238742282,1.7108305747669417,1.2262359009706634,2.189831125857053
2024-08-09,1.7043927131486538,1.7197651743130586,1.2281941076394607,2.208474432235298
2024-08-12,1.711984059725895,1.723468721895768,1.2239048888370778,2.2093392462884007
2024-08-13,1.7591360854681872,1.7662329573111213,1.2363997397794384,2.2658154199153593
2024-08-14,1.7558346327381729,1.7668056684271096,1.2435485681805647,2.248167075784113
2024-08-15,1.8107723521015084,1.8114406345601486,1.2615449402709313,2.3112054236016992
2024-08-16,1.8162341920250618,1.8137697461114164,1.2652373964956287,2.3084383963636155
2024-08-19,1.8529947960517035,1.837595541142535,1.2726093996267251,2.340993817083593
2024-08-20,1.852009370948116,1.833739160700337,1.2708987193565058,2.3368682410926938
2024-08-21,1.8627534983797127,1.8422917958426166,1.272236300768339,2.3490189117185136
2024-08-22,1.8207187575268229,1.8130823514783694,1.2675392648651778,2.2954870506373513
2024-08-23,1.8475663870407302,1.832746218093197,1.2810703819945524,2.3243744151598067
2024-08-26,1.8192212888595916,1.8149533176858232,1.2838391373758797,2.292781360777609
2024-08-27,1.8227618867190012,1.8203753518511498,1.2843679304367692,2.285187207415437
2024-08-28,1.7958633818791228,1.799718660374066,1.2795464956481906,2.2592155333217048
2024-08-29,1.7920534777636443,1.797084118593589,1.287540786599971,2.264571984103972
2024-08-30,1.8189278592886944,1.818504267898812,1.294695385075185,2.300014361436281
2024-09-03,1.7482496799072262,1.763292632066783,1.2761557458397765,2.222151411717089
2024-09-04,1.757933149908316,1.758710825393992,1.2766848322942637,2.233901299188121
2024-09-05,1.7605355515309724,1.7603530132917489,1.2705876243450966,2.2616196954052006
2024-09-06,1.7043391704500284,1.7131976001708713,1.2581761949823436,2.177158690674168
2024-09-09,1.732389662860281,1.7352288454242808,1.2724231924900629,2.2110890842467734
2024-09-10,1.7599274588479998,1.7512654631412592,1.2699653365244126,2.240742626440105
2024-09-11,1.8060882711760091,1.789294823534565,1.273107190764126,2.29531358274699
2024-09-12,1.8222474727416595,1.8068585923975897,1.2815061692849763,2.3268199954410465
2024-09-13,1.8322085649438602,1.8149533176858232,1.2907448402823933,2.336039476381986
2024-09-16,1.8240618885190636,1.8069348910824499,1.2983351282501654,2.3274627222610764
2024-09-17,1.8222909760816803,1.8078895666022758,1.29796154040245,2.3334685809009414
2024-09-18,1.8101132668339464,1.8000623576905894,1.2946332834303422,2.330941496245419
2024-09-19,1.8717970840097036,1.845575465168826,1.3108708587004698,2.424298653044748
2024-09-20,1.8647842584525407,1.8420627820431517,1.3121437957229471,2.416809810098392
2024-09-23,1.8755311357507034,1.8469454268946741,1.3138286573565707,2.4344153217680993
2024-09-24,1.887846007436308,1.8558544758009536,1.3170107065191665,2.4532256541567166
2024-09-25,1.8990834965636485,1.8575749640465997,1.3076198620424184,2.466635954457966
2024-09-26,1.9213008672328824,1.8715310296625267,1.3154200242303993,2.4818870269992903
2024-09-27,1.9087803140893245,1.8611309772896023,1.3195693920845537,2.462671416237041
2024-09-30,1.9124725434369259,1.8661781117441338,1.3200996521134314,2.4678659111719257
2024-10-01,1.8810214210277634,1.8401776864496127,1.3150452628082931,2.4444224415495484
2024-10-02,1.8790972095249492,1.8427777289790648,1.3163245566920536,2.4334492065060473
2024-10-03,1.8816198803305,1.8414011735397102,1.3103033376846864,2.4406806687892932
2024-10-04,1.9213099396955964,1.8633104350932503,1.3210043801708176,2.4926524495912945
2024-10-07,1.9000797516276533,1.8433512643092413,1.3091488338778066,2.454046026498915
2024-10-08,1.9276360087284201,1.8708811956474898,1.312861534260744,2.484311509463192
2024-10-09,1.9367360641639302,1.8856018965403962,1.3261208711207988,2.481635176370648
2024-10-10,1.9258161346108067,1.8834605880791782,1.324904461264808,2.4576659979803104
2024-10-11,1.9235084818629065,1.88640479890469,1.3376024383746308,2.459108468157225
2024-10-14,1.934692236348854,1.9022344211155198,1.3443414937176608,2.464303658645609
2024-10-15,1.9027283974406006,1.8768076488960592,1.3338896401938276,2.438198797604933
2024-10-16,1.9030993604251316,1.8770368981852923,1.343811135890917,2.4252568831272834
2024-10-17,1.9041704779365178,1.8783370371949024,1.3492087957053436,2.4555599175150737
2024-10-18,1.9143930538944716,1.8906490309949278,1.3502665774228542,2.4519788107729643
2024-10-21,1.9189932106870125,1.8942813429227907,1.3400608811274763,2.457178950867299
2024-10-22,1.9158964121690487,1.8963461172093803,1.3398735004164233,2.455985880680554
2024-10-23,1.887499507380494,1.8672867975722889,1.3269216400467396,2.417143098753546
2024-10-24,1.9218103131011122,1.8824284364256516,1.322614426437032,2.473566439437648
2024-10-25,1.9388425529977849,1.8938990252843009,1.3143751518311868,2.5125269212735595
2024-10-28,1.940519538892648,1.8942049264930463,1.3235196434837477,2.5057347700173147
2024-10-29,1.9623926630492363,1.912405224199211,1.318619774806722,2.5445918745832072
2024-10-30,1.9282241370893,1.8979522751726199,1.316279178482279,2.508277532597539
2024-10-31,1.8781041642420737,1.8500424705796745,1.303545211757807,2.42731596303791
2024-11-01,1.886940371052289,1.8637307843292863,1.3121279524686724,2.44191458504857
2024-11-04,1.8781922345069215,1.858301567726033,1.3047314020732366,2.415704545381767
2024-11-05,1.903576232519785,1.8820074984651953,1.317995628826586,2.4557843930879826
2024-11-06,1.9681166838456556,1.9331290302601998,1.3645920088190204,2.5250404267226525
2024-11-07,2.0036641239554704,1.9635649053366455,1.3650913647222755,2.5954195602088115
2024-11-08,2.0141369129027713,1.9658591644022363,1.3735803172797485,2.6096238137280237
2024-11-11,2.018728480745635,1.9647119759969989,1.3826314119703806,2.618793691734527
2024-11-12,2.0087055146680286,1.9611558450091122,1.3713331179172341,2.591805899785647
2024-11-13,2.001471129367931,1.9586323366542886,1.3726441961074103,2.577392386669719
2024-11-14,1.986316627368616,1.945020439334421,1.3660588790095658,2.550370932238038
2024-11-15,1.9401105604653397,1.8986787611071694,1.3569272966753028,2.499369724876735
2024-11-18,1.9589740610481166,1.9118698382114647,1.3559281936773289,2.537033094208595
2024-11-19,1.9724088078512925,1.925023001463098,1.3517123232743664,2.566402027380025
2024-11-20,1.9688415760363767,1.9239141978900587,1.356240266667397,2.5544704515105066
2024-11-21,1.9748122741475616,1.9308350066843771,1.3708553753423414,2.5343322779635855
2024-11-22,1.9800952677864703,1.9339320503693775,1.383940534203239,2.5426452853220796
2024-11-25,1.9846497212333878,1.9369909447119478,1.3976812321592242,2.543568410178973
2024-11-26,1.9901506849888668,1.9473908793399881,1.4018034122066603,2.5613030579993614
2024-11-27,1.9737205163689517,1.9320584937744747,1.3982434720902495,2.537549038205064
2024-11-29,1.9917878490542509,1.9490350689007738,1.4055820283512102,2.5701681621258725
2024-12-02,2.018367063283018,1.9702561116070787,1.4013662557461135,2.6429944025831054
2024-12-03,2.023203535628711,1.9762972483727068,1.3987119238678822,2.6719938464007518
2024-12-04,2.048755023487742,2.000730253770839,1.408236751420905,2.7015065009212997
2024-12-05,2.041827322765642,1.995186118160759,1.4011475797179744,2.714982400298198
2024-12-06,2.05534166540318,2.013041894336212,1.3964008624989388,2.7577275674736286
2024-12-09,2.0315040841946828,1.9973655759644071,1.3899362279676077,2.731451147551915
2024-12-10,2.0214159361864876,1.9905592151973792,1.3855955674877645,2.7433583060742293
2024-12-11,2.0577490836289707,2.0261947043531934,1.3819105439008752,2.8173311732035544
2024-12-12,2.045990488234173,2.0131184285108406,1.3749152581492028,2.799256827096463
2024-12-13,2.056120549806621,2.0285277014856344,1.3721048408770042,2.8129049464745837
2024-12-16,2.0833150935620974,2.0577397362373304,1.3689817638275426,2.872842579319321
2024-12-17,2.0728290267093255,2.048677854471562,1.3602378522336838,2.8811509703371705
2024-12-18,1.9991095653169144,1.9747678600738636,1.324792873899823,2.7569753316448207
2024-12-19,1.9878606616507553,1.9659734946846428,1.3257610727721745,2.749976582811252
2024-12-20,2.0043846812809485,1.9831415229923968,1.3421504303301695,2.738229227470045
2024-12-23,2.028899896395895,2.002462751994657,1.3432466466089763,2.796998349495426
2024-12-24,2.0564116069794367,2.0296154287244295,1.3545526666935286,2.856097274910439
2024-12-26,2.053665392313288,2.0282368716220462,1.3567762967703625,2.8306872105005874
2024-12-27,2.0284798424047925,2.001275412583961,1.346722773954316,2.7826126440562806
2024-12-30,2.000221727903647,1.9746587105663553,1.3334747816467047,2.737825444532682
2024-12-31,1.9825108807565957,1.9578843034059592,1.3326292212981845,2.699009404031705
2025-01-02,1.978723111469283,1.954054768797323,1.3273051054789102,2.6844563843325986
2025-01-03,2.0143673468057166,1.9860333373445092,1.3378283514448461,2.758576205425811
2025-01-06,2.0407485173019784,2.008858418606141,1.3377343676957218,2.829240213624022
2025-01-07,2.0044410316409347,1.9730118128732366,1.3320967119183913,2.7625507085107945
2025-01-08,1.9982905480812916,1.9733568053834845,1.3346025866361955,2.737300798243345
2025-01-10,1.9623680045421006,1.94241227240797,1.3133052431783054,2.716879079943743
2025-01-13,1.9608060757443382,1.9361697918906273,1.3246740494927616,2.703919619537042
2025-01-14,1.9557332882999263,1.9343313232711696,1.3315330050193777,2.674618124770685
2025-01-15,2.0041694508091394,1.978832766705703,1.3537384016620944,2.778071399062166
2025-01-16,1.988177939121595,1.9649694840584024,1.3516088531322505,2.748288372870949
2025-01-17,2.024665836434427,1.9981351565265164,1.3620170888078948,2.7807202129164397
2025-01-21,2.0368495423616424,2.009854304835382,1.378872844388339,2.797931432227363
2025-01-22,2.062623851835377,2.035551654798375,1.3825697993148673,2.822679900495771
2025-01-23,2.064215961057879,2.0398794857562836,1.3954156467979217,2.833789358498871
2025-01-24,2.0539725261846082,2.0283517906288733,1.391467938143241,2.8330287952726487
2025-01-27,1.9819621492813808,1.9692970795265432,1.4008670954385902,2.7587978092954213
2025-01-28,2.003964840257359,1.9984031438825998,1.4049088856402612,2.8144700207071067
2025-01-29,2.0099449759048387,1.9946501434485922,1.4010553563304362,2.8094442664353436
2025-01-30,2.021410708548201,2.003152030545849,1.4061935584066458,2.8339127018714705
2025-01-31,2.010616179504796,2.0002413770122893,1.395446942115008,2.8447549955580294
2025-02-03,1.9923659128490292,1.9842327825777133,1.391937954686728,2.794423095001837
2025-02-04,2.0278094934815423,2.0085904312500573,1.3958852721499453,2.8483017905995696
2025-02-05,2.0139548956006497,2.017705062723877,1.405723444065293,2.7964070855982164
2025-02-06,2.017478503066369,2.0282368716220462,1.401618867633718,2.805227731224325
2025-02-07,1.9885565382896444,2.002653969686344,1.388334787913592,2.7485886152792394
2025-02-10,2.0172727330083466,2.0268964638620934,1.3935356784218398,2.7567742104471975
2025-02-11,2.0026992446648912,2.022071043024216,1.3977025520939892,2.7385116368604683
2025-02-12,2.009963428794685,2.023257911455376,1.3899326094465696,2.745516210217564
2025-02-13,2.0429148320450516,2.052364682280737,1.4013055232713933,2.7745813953588643
2025-02-14,2.0529303399694947,2.0609814883848205,1.396699928372843,2.7869983865582624
2025-02-18,2.058776399996935,2.0656536053836727,1.3971074520800237,2.7603551267240567
2025-02-19,2.0640878993656053,2.066228200417806,1.399457143605995,2.758022135436269
2025-02-20,2.052568436598784,2.0574576194951617,1.3860476870217928,2.7350899502335526
2025-02-21,2.0018943639186535,2.014756259847888,1.3622601165046417,2.674223794087771
2025-02-24,1.9722945405765921,1.9909732062096768,1.3634524680856224,2.626587705638065
2025-02-25,1.925888388161411,1.965888365133479,1.3684731171270272,2.563184103536
2025-02-26,1.920313439960406,1.97063760503138,1.3628561944972661,2.5689812847215734
2025-02-27,1.8596066188527347,1.915910371652307,1.356612289749258,2.488319873998231
2025-02-28,1.8915348115256632,1.9461655083317457,1.3755015563552377,2.5254208890946552
2025-03-03,1.849966548030712,1.903578361221994,1.3557965577498354,2.4626344564648144
2025-03-04,1.8416272927446156,1.897833823819272,1.3353381243855849,2.4517742730971284
2025-03-05,1.8677472600943594,1.9225741433647578,1.3507132202763925,2.5017733305296894
2025-03-06,1.808945583310035,1.8696853786051424,1.3363737059875374,2.420036380377109
2025-03-07,1.8218450795686099,1.8834339777353843,1.3437786669994403,2.4237765451896034
2025-03-10,1.723842742795135,1.8104390965764734,1.3162606946856248,2.2940986328821946
2025-03-11,1.7304303102125016,1.8061112656185645,1.3013562021254996,2.3062723327212473
2025-03-12,1.7744776831419047,1.8264856048637115,1.2988773196186822,2.3644157434111315
2025-03-13,1.7368853941351519,1.7936261868389949,1.282655294209232,2.288597605104433
2025-03-14,1.7840284820592256,1.8369791466745666,1.303301499475999,2.3457191934836743
2025-03-17,1.7894381909075943,1.848889512675119,1.3153820786584323,2.335660819063055
2025-03-18,1.751622467012799,1.8173707379001236,1.3069727335637973,2.2784898082867673
2025-03-19,1.7870264286046909,1.8416897662505014,1.319178591812441,2.312178590464363
2025-03-20,1.785909483750686,1.8354471679882745,1.3182372873532102,2.3188038921489036
2025-03-21,1.801371253918077,1.8414981953241623,1.3191836773014674,2.35093360514829
2025-03-24,1.8816110602085327,1.8819087105074828,1.337637450010621,2.4491623814639962
2025-03-25,1.9020483414497928,1.892647985891337,1.3386749875698913,2.4811522347244717
2025-03-26,1.8482184868852478,1.8578218750684392,1.3336765386440443,2.405710392217455
2025-03-27,1.8321562520332204,1.847236021268494,1.3296209589432824,2.3813910371282736
2025-03-28,1.7795551294949465,1.7986024388733322,1.3066085343112077,2.2963528614859214
2025-03-31,1.7733876944127673,1.7985255514640517,1.3200009740667442,2.2905898062291286
2025-04-01,1.7932037847463644,1.8130237145261157,1.3190892045630138,2.326645549798402
2025-04-02,1.8179748176527553,1.8262560023398264,1.3267600779722826,2.3507474885866038
2025-04-03,1.7098100222753865,1.72848995247581,1.2739134363705569,2.1792272022085846
2025-04-04,1.5851177506961636,1.621135583469466,1.2047509812059884,2.045676919377425
2025-04-07,1.5750124829462022,1.6250475394969326,1.1932761620049033,2.044708887460451
2025-04-08,1.527583353774899,1.595782872782069,1.1835621933792408,1.986155719252876
2025-04-09,1.7630621315006414,1.787326246818239,1.276616960575333,2.282362658280931
2025-04-10,1.6676571625837824,1.7113072060575505,1.24392215602828,2.1543995193216765
2025-04-11,1.7020649916687114,1.742834811698849,1.26350764564156,2.194153977600564
2025-04-14,1.7131394215902005,1.7546480381700655,1.274542276648256,2.184795308821137
2025-04-15,1.7186103751048385,1.7566038984389147,1.2691666213536554,2.171892244491011
2025-04-16,1.649656458311104,1.70363624460699,1.2473486998556111,2.0871199910242173
2025-04-17,1.6469900483291995,1.7033295191840563,1.2309521052555399,2.079797798296699
2025-04-21,1.5983556386913969,1.66117755716573,1.2003167281684846,2.0151498105671983
2025-04-22,1.6407321990367914,1.7047868476138646,1.2325562836498007,2.075188624951262
2025-04-23,1.6921393038367827,1.7434484980344847,1.2452634537590175,2.1545903978643
2025-04-24,1.7460132188516455,1.7925040780940589,1.2612102759738417,2.2216908721535438
2025-04-25,1.7930484824634179,1.8124867978548767,1.2613358484336499,2.2818763504458413
2025-04-28,1.7929224169417957,1.8119113786065553,1.2652677138340558,2.278672780113272
2025-04-29,1.8065892410427868,1.8238781444065646,1.2745147954479397,2.2932911925725405
2025-04-30,1.7994854296294085,1.8236478354133752,1.2780689654902626,2.278502858669448
2025-05-01,1.8115811628124048,1.8474659770270312,1.2814659743620938,2.3379619069310875
2025-05-02,1.8432519798068554,1.874889702479872,1.2991426452288528,2.3870896883047106
2025-05-05,1.8334750168612215,1.8637668142638038,1.2966895813586314,2.3686742684611137
2025-05-06,1.8109656952089,1.8464306462616353,1.2840451974793188,2.3346515880046144
2025-05-07,1.8217308377260966,1.8536794923028992,1.292883581811631,2.3390055296166716
2025-05-08,1.8476163376124581,1.8728186877144282,1.3017848501717135,2.3667766420552105
2025-05-09,1.8645770640738157,1.871591197298273,1.2971925557829247,2.3818846082169713
2025-05-12,1.9522712048233686,1.9478403115623828,1.334338923589745,2.530060439568652
2025-05-13,2.001450675569286,1.9775267404518908,1.3257834684834642,2.5932622546085775
2025-05-14,2.039138780732129,1.9893784695001895,1.32276405717185,2.6319830972348006
2025-05-15,2.02751392001021,1.9915647565071122,1.3319798434686478,2.594767059380658
2025-05-16,2.0472770588230644,2.0002326638908703,1.342656827679769,2.6079078106835256
2025-05-19,2.0330639417105827,2.0021504925621736,1.3473471155301837,2.5941300517287296
2025-05-20,2.0269525259509056,1.9954769480243468,1.3439789570287912,2.581320251176238
2025-05-21,1.9943771702718354,1.96774614391392,1.3181047712449239,2.557625803137609
2025-05-22,1.9998858556451176,1.9714284974175014,1.318325207634649,2.577873868310366
2025-05-23,1.9847340947274186,1.9531714466772276,1.3104872954704332,2.543061858709937
2025-05-27,2.052978113144233,1.9991202102264258,1.3341580953357068,2.628110731789317
2025-05-28,2.0357277185911835,1.9902603786816764,1.3265092264462641,2.612220089485754
2025-05-29,2.040474651039957,1.994172570198911,1.329782814411337,2.618520847751188
2025-05-30,2.0188563579908596,1.991027368856337,1.3310104710219055,2.5965646252472188
2025-06-02,2.036463710358544,2.0067533755692084,1.333717515949854,2.6263403759433888
2025-06-03,2.0563172506949656,2.0224398200010407,1.3409571985683957,2.6309130510327194
2025-06-04,2.050531102961588,2.0280781515183555,1.3375889422691374,2.6537732033260424
2025-06-05,1.9809533581125727,2.0128127627918633,1.3345358884916556,2.5926997492207002
2025-06-06,2.0067715406834923,2.0324888748746313,1.3484174153745287,2.6428727920382946
2025-06-09,2.0391746355813827,2.0354807723781807,1.348354237953161,2.6761702389198168
2025-06-10,2.071381375188154,2.0489430159504285,1.3522888416938121,2.722051642856821
2025-06-11,2.0611186556579444,2.0420389269296444,1.352257546376726,2.7016820819230407
2025-06-12,2.048835381461385,2.0468334986079024,1.3550587706495303,2.692471438942894
2025-06-13,2.031682588326283,2.0211359131551414,1.330884507370634,2.668915036282016
2025-06-16,2.0839091464415747,2.0492498591182464,1.3418072576187472,2.734296024603939
2025-06-17,2.058834193390107,2.0292671393574286,1.3318287457658413,2.7064250273407358
2025-06-18,2.0638667102452453,2.0289221468471808,1.3309789801090877,2.705298129928582
2025-06-20,2.0626257176236953,2.0206373813161007,1.331354523914121,2.6771319366600594
2025-06-23,2.108944877218242,2.0414144080646768,1.3438549493348375,2.7294033333706786
2025-06-24,2.1462939224662554,2.0726316381916363,1.3598591788969419,2.7776131415524805
2025-06-25,2.1501467936236427,2.0779306289531374,1.3569233847606672,2.7802980840144498
2025-06-26,2.1619900651769037,2.09735994775895,1.3697710904031737,2.8122720736107603
2025-06-27,2.1648284456813536,2.1045402662777004,1.3826186982478144,2.840977111644813
2025-06-30,2.161987439636287,2.118171356013667,1.3909839365049312,2.8271625988201476
2025-07-01,2.115171600082667,2.100316286307518,1.4043680634418667,2.774898468915949
2025-07-02,2.147965887679976,2.114945852660175,1.4037998578410222,2.8142068395187847
2025-07-03,2.159762433041682,2.13575749640466,1.4144695072122013,2.8318493972952656
2025-07-07,2.117002882036492,2.1196688354489344,1.401558917541925,2.782432568388856
2025-07-08,2.130642412808137,2.1208594717163836,1.3964447737407253,2.782897711013093
2025-07-09,2.1402593888494836,2.1358726509012547,1.4032001613273595,2.813652824539269
2025-07-10,2.1698175882765653,2.132801157856092,1.4094503251387849,2.8330245253880975
2025-07-11,2.177034440065226,2.128001169913168,1.400201287567583,2.8403286991608057
2025-07-14,2.1853209157960416,2.135719111572462,1.4033895957935965,2.844467958293814
2025-07-15,2.2069168922279347,2.137677444483876,1.3894055767472664,2.8632089176089153
2025-07-16,2.2329608851003333,2.1398660863884795,1.3963818897129554,2.8757878748875654
2025-07-17,2.243011182641399,2.1571835329540847,1.4054097085115047,2.8914098308080365
2025-07-18,2.242864720040713,2.155110045546076,1.3997918079030847,2.8959801281403905
2025-07-21,2.249088702962965,2.166283564062283,1.400360306897527,2.9137380061226237
2025-07-22,2.23897834340406,2.155071660713878,1.4051604217513407,2.8962530564060067
2025-07-23,2.257296923679683,2.164901710103147,1.421739800562768,2.923056304339085
2025-07-24,2.2409051520208365,2.1695090674157753,1.411949940793172,2.912521076573959
2025-07-25,2.2684863148654855,2.17473128851288,1.417981526374324,2.9402588527107048
2025-07-28,2.29436858628268,2.181527758709648,1.4158342764307534,2.9659395730494156
2025-07-29,2.292432010396274,2.178148716027363,1.4099605366051544,2.9470855826751103
2025-07-30,2.295337161414883,2.181066905233501,1.4045289409312627,2.9445977179897267
2025-07-31,2.270146439678602,2.1695090674157753,1.3936969471026992,3.0109137235046477
2025-08-01,2.2242624721292135,2.126772384303288,1.3759809614938507,2.91814856576098
2025-08-04,2.2691769395032226,2.1660151057266637,1.3952131074176553,2.9799038792910033
2025-08-05,2.25363112634618,2.1513085342198424,1.3930971527911706,2.947864355576457
2025-08-06,2.270665814014239,2.1783790250205524,1.3957181355971322,2.969048489981633
2025-08-07,2.2922557610671426,2.185751267700294,1.388612827246329,3.005929849779917
2025-08-08,2.316567870175918,2.2061404428008307,1.395560289841579,3.0376510799601317
2025-08-11,2.3209354506144173,2.199612901919218,1.3895286064625612,3.039864776171593
2025-08-12,2.348185214039293,2.2272591652029017,1.4042760356500605,3.0853828996532173
2025-08-13,2.361065679619811,2.2283727963161866,1.419244879205944,3.088850179993729
2025-08-14,2.3506425923689043,2.2266452433774977,1.418423866121763,3.09016019284681
2025-08-15,2.3326849517559136,2.216853578820427,1.4204334166701549,3.0760250177137856
2025-08-18,2.334997924574769,2.2159702567003317,1.4189167673658694,3.0628855849963394
2025-08-19,2.2915774990406454,2.185904807029087,1.4196750920180121,2.9940373174531927
2025-08-20,2.2737246661124244,2.1729267304200266,1.4198963107906644,2.958085823652788
2025-08-21,2.259684917271232,2.162866607527336,1.4154410312119934,2.93630080643133
2025-08-22,2.31288251881141,2.196233859236933,1.442899738019077,3.0164583599783166
2025-08-25,2.3087615643669332,2.189898242516312,1.4316191453796572,3.018443230372532
2025-08-26,2.325739639274842,2.1986914304566922,1.4361063070626099,3.037194444685881
2025-08-27,2.326860779582212,2.2020704731389773,1.4409723376780361,3.0348072704206164
2025-08-28,2.335736927842185,2.215855337693505,1.4433737642750655,3.048543081638247
2025-08-29,2.294212243479621,2.1902055566636656,1.4411617721442729,2.9934088346145735
2025-09-02,2.2746494764439396,2.1718512486491717,1.4333255225437773,2.9687870825760334
2025-09-03,2.2927482757044846,2.188938386221588,1.4322196242762468,3.0183015398046993
2025-09-04,2.3124353759616936,2.208751788839151,1.44419516855071,3.0603313968728187
2025-09-05,2.312911183301815,2.2119386718706764,1.437686133788263,3.063946617745196
2025-09-08,2.3168832680873863,2.2227283420649013,1.4415095413553924,3.0697622623194016
2025-09-09,2.3287171533555786,2.2290258094430926,1.4472287605528786,3.1070187596666194
2025-09-10,2.335507523769884,2.229755121254859,1.4406562549754665,3.099363046199192
2025-09-11,2.362717484519298,2.2427336688434556,1.4595835649512792,3.117099975612138
2025-09-12,2.4038536913631092,2.252640016917585,1.451368055226846,3.166418633781034
2025-09-15,2.4319742200951464,2.2719157963946044,1.4537378931131917,3.226185877383875
2025-09-16,2.435546279481178,2.269995848315389,1.449661678062726,3.25654841494878
2025-09-17,2.430650068645787,2.2654650251773885,1.4574980254610876,3.2524287159582244
2025-09-18,2.4452602171219073,2.285892585110123,1.4618271457927554,3.255475839149966
2025-09-19,2.4612445766757047,2.301366617771141,1.4669859832186687,3.2735074851512707
2025-09-22,2.4794384424025204,2.314990878303833,1.4692992939385274,3.2886654284063512
2025-09-23,2.4660857938230643,2.2996141029170354,1.4667641776588207,3.273347181067987
2025-09-24,2.4582103324998172,2.2915410426874656,1.4609018801835314,3.2859009929911385
2025-09-25,2.4491674949279765,2.2816615404468985,1.455863138536936,3.24328752482712
2025-09-26,2.455686593868735,2.2910413333995843,1.4648944780586577,3.252763770652317
2025-09-29,2.4687261318625056,2.301651324900759,1.4673029461020313,3.259735639511527
2025-09-30,2.475471089964383,2.3079558569719927,1.4695210017005094,3.260779648193513
2025-10-01,2.489418308354327,2.3190271729288496,1.4711687979429589,3.2870310923734607
2025-10-02,2.5068944456663393,2.328560976189865,1.4738624445632797,3.2835209672578687
2025-10-03,2.4901041798667776,2.318758243613694,1.4814675978066678,3.2541357385089102
2025-10-06,2.5630620192630915,2.3361724764739833,1.479344503935973,3.394434305885226
2025-10-07,2.549566037544836,2.323871197458406,1.4765875820964185,3.361008455729284
2025-10-08,2.578793595096784,2.3505114484528202,1.4769044471819153,3.4432161157509027
2025-10-09,2.5756725992670746,2.3476667320543254,1.4687605254953169,3.43589869277843
2025-10-10,2.486259944154631,2.26616913958397,1.4414134060532184,3.2743652995168016
2025-10-13,2.539021825475126,2.314260389043226,1.4598243432971103,3.3731205813651584
2025-10-14,2.5221095417820156,2.2988452288242303,1.4662570957241599,3.345640365838129
2025-10-15,2.5399074855499806,2.3150676479682297,1.4662570957241599,3.425170907298874
2025-10-16,2.530502385285998,2.3064951139405467,1.4562753565416797,3.3918831030334387
2025-10-17,2.547119621194545,2.3216413448443873,1.4638039340560727,3.4041672083152474
2025-10-20,2.579214981205911,2.350895532264571,1.4804142169931225,3.4695570597905325
2025-10-21,2.5785406600870746,2.350280903969863,1.48738818281003,3.4549968230995605
2025-10-22,2.553699031773964,2.327638327278499,1.4764836229649732,3.4187284995987315
2025-10-23,2.5751667292476563,2.3472056430884107,1.4812700461175616,3.451149092760176
2025-10-24,2.6026650794247495,2.3722697610650165,1.4968661651852897,3.4994861276097633
2025-10-27,2.6490165179864076,2.4145180383984908,1.5068196407845267,3.580170970838604
2025-10-28,2.6693869580686456,2.4330852291633356,1.5125254616743855,3.599340089082654
2025-10-29,2.681407442503501,2.4440416261133664,1.5100528382309852,3.6312921150349293
2025-10-30,2.640412593886989,2.4066757581416467,1.5057419083023738,3.4910277200801523
2025-10-31,2.6531495122155353,2.4182851682185835,1.507834098047446,3.5147867684785563
2025-11-03,2.665844059408645,2.429855957973554,1.5008601322305386,3.5484883185993144
2025-11-04,2.6117330191293138,2.3805349809453453,1.492713374405829,3.4563346330497033
2025-11-05,2.628730045093297,2.396027381808274,1.4997188311355545,3.5042896955611296
2025-11-06,2.5797637390819292,2.351395712531988,1.4875780084677304,3.4087670272924764
2025-11-07,2.571623572227074,2.343976136408861,1.489416803942271,3.3718184329587686
2025-11-10,2.6285187061372786,2.3958347511779787,1.501969551221241,3.4638366128893514
2025-11-11,2.621517651088151,2.3894534494423483,1.5196895465425913,3.4428454727047186
2025-11-12,2.619451024793296,2.387569766787418,1.530308732214969,3.4408231909571443
2025-11-13,2.5659724512185282,2.338825268711487,1.5048860791779346,3.346578596803134
2025-11-14,2.5679122224676556,2.340593325890287,1.4955663337496914,3.347117403335463
2025-11-17,2.5459807677493993,2.3206033059466584,1.4781952812138515,3.330703530272298
2025-11-18,2.5149818900477428,2.292348537102237,1.4622823948584924,3.2668682798865047
2025-11-19,2.529996256905998,2.306033789484864,1.4637404632411073,3.2671454961259547
2025-11-20,2.475594278717264,2.251445848303614,1.4521386046122255,3.193687188122461
2025-11-21,2.4944815351197844,2.2683603718760224,1.4681542765246394,3.2068981995934642
2025-11-24,2.5598177724183317,2.3263697438978124,1.474089335612154,3.335985477417247
2025-11-25,2.5839064132505962,2.3407087158766493,1.4954814452020955,3.3583382262985877
2025-11-26,2.603209292622319,2.3613906047589186,1.5055426940495475,3.3886233417943696
2025-11-28,2.6282584482385087,2.3805349809453453,1.5145247434468585,3.4274267776261205
2025-12-01,2.6173285168543607,2.372538690380172,1.5022737025841717,3.412836632851317
2025-12-02,2.6383326266922333,2.3911065876143214,1.5084309584229976,3.423995316900543
2025-12-03,2.6408879364978004,2.396949795229872,1.5216026683952113,3.441004966570916
2025-12-04,2.6480851628678264,2.3947201781056213,1.5205236645408018,3.455074230509075
2025-12-05,2.662822138304616,2.404484290359826,1.5235704592548662,3.4797079172755914
2025-12-08,2.655430237735035,2.3998715167825315,1.5176035180630703,3.463027009151508
2025-12-09,2.654135615487041,2.402831387677621,1.5121126568824466,3.4693452014717088
2025-12-10,2.6609255957492297,2.41267250508599,1.5277599242340374,3.4856830795197045
2025-12-11,2.654325960243158,2.4048688451511127,1.5484539526572267,3.4638318414042675
2025-12-12,2.6052935072249372,2.3588918228297437,1.5406142801314247,3.4130007740695953
2025-12-15,2.595234482482495,2.3470516327800817,1.5398843168603913,3.408849733166152
2025-12-16,2.6039624373683234,2.3517032621691105,1.5297595971979738,3.436033779592414
2025-12-17,2.5576361675963977,2.3081093963007855,1.5228403981859668,3.344276745505131
2025-12-18,2.597174919081402,2.341554359633851,1.5250940522076304,3.4180715645762016
2025-12-19,2.6374648813609958,2.3720773659244894,1.5304504413226496,3.4515772709910353
2025-12-22,2.6505656799577353,2.3834479893765854,1.5377980927851385,3.47566998762327
2025-12-23,2.661761602690225,2.3946104398736927,1.54024734253859,3.4961743140979595
2025-12-24,2.669202926359767,2.4016160249845226,1.5490900299770018,3.5042475203037933
2025-12-26,2.6671763653613376,2.4014622501659613,1.5491536963876988,3.4939954410881606
2025-12-29,2.6558135218962144,2.389837533254099,1.5413925555482098,3.4686409903481095
2025-12-30,2.653720030281421,2.3842945750928597,1.5382116799600045,3.467637276374173
2025-12-31,2.632407400951763,2.3645869073811676,1.5286056801782895,3.4546074127261064
2026-01-02,2.6362594631162484,2.360006395902101,1.5383390127813987,3.4675362904336637
2026-01-05,2.653200595395974,2.3787518524213884,1.5578690510047166,3.499389611564507
2026-01-06,2.6636188558508547,2.3996529822777464,1.5732643910537643,3.4820316599651617
2026-01-07,2.65493627387835,2.401962665923147,1.5584735396138079,3.456570758128829
2026-01-08,2.6349356447588317,2.388297901150344,1.5666481698302972,3.4549882748134197
2026-01-09,2.6568412261059624,2.4120859000736847,1.574568427797596,3.486667279646943
2026-01-12,2.659674220209502,2.414087327612659,1.5773675983152167,3.506365656192893
2026-01-13,2.669014283369511,2.4105076476479637,1.5647714287837897,3.5157956302916364
2026-01-14,2.6431579238258944,2.384756606017847,1.5636264113699017,3.472727535745737
2026-01-15,2.658524419013536,2.393340443554398,1.572850803878898,3.5061441796404424
2026-01-16,2.6615817450187653,2.3913387805256554,1.57004752585091,3.5097618566588733
2026-01-20,2.610240234624091,2.3405297436529033,1.542873508631444,3.4106515115888008
2026-01-21,2.6648510843329474,2.3721699134033476,1.5617106489749024,3.4716089019990743
2026-01-22,2.697182643476558,2.3894141226510777,1.5709065823049235,3.5491317120802464
2026-01-23,2.7095957022591484,2.3969585083512914,1.5621242361497685,3.5958319131420096
2026-01-26,2.726108322312891,2.4075053885946183,1.5720838730145565,3.5896092431252207
2026-01-27,2.7484685450847293,2.4293301093214152,1.5593560675556362,3.6159639024897077
2026-01-28,2.7547953707888575,2.437374675289046,1.559578851094143,3.6190605538271177
2026-01-29,2.7698689543063995,2.4227863196458044,1.5598332233433334,3.64354040088161
2026-01-30,2.7366004931376358,2.393686613513486,1.5560785676759277,3.5870858659622873
2026-02-02,2.755391354389346,2.410122857366909,1.5719885200953099,3.62505223835596
2026-02-03,2.7130575330270528,2.3730937397635543,1.566515458126279,3.573354606705049
2026-02-04,2.6656628111860843,2.331637885499694,1.574279532901745,3.4235129937800797
2026-02-05,2.6272898350116987,2.29807329336444,1.555696764807477,3.379299253608705
2026-02-06,2.698458974891873,2.3466498872357247,1.5942621796484207,3.426082626576139
2026-02-09,2.733533285667184,2.3646255277031343,1.594866766055378,3.478632773872772
2026-02-10,2.7199630268329247,2.353655236856786,1.5970305438382846,3.476146262608216
2026-02-11,2.719810658187348,2.359968011069903,1.5952168824152786,3.4813349721084093
2026-02-12,2.6637945609918745,2.3119688381099683,1.5740249650568225,3.3991880780796926
2026-02-13,2.6698369774144783,2.3168955195481233,1.5759658615033567,3.376965761797399
2026-02-17,2.658890898105988,2.3145090662383265,1.5777797185220943,3.360557862264554
2026-02-18,2.6724868479631967,2.3317921312977914,1.5814390212702534,3.365203806461718
2026-02-19,2.6686008000619155,2.3228616528226156,1.573102144394246,3.365738341468166
2026-02-20,2.6821827907135547,2.3434163772301178,1.5804711157914997,3.4167071385055703
2026-02-23,2.642750852276211,2.3149324768413475,1.5547608392308707,3.3592601331891263
2026-02-24,2.6920530470864428,2.339798312433224,1.566803570639203,3.44626345792434
2026-02-25,2.7267606084092733,2.3737095455071024,1.5764569045880108,3.481931909217397
2026-02-26,2.691517918818026,2.345071634810003,1.5765844330051368,3.429281569810833
2026-02-27,2.67391038144854,2.337565869431756,1.5600175723205438,3.398137310754986
2026-03-02,2.678442943615835,2.3406451336392657,1.558488307091558,3.385629682479338
2026-03-03,2.6486550440871346,2.3155869029068623,1.5468277697431398,3.32955935131508
2026-03-04,2.696964164977026,2.3508837577761663,1.5539005114046003,3.3978621375420244
2026-03-05,2.6905763414650465,2.34380140300094,1.528731839425293,3.379314600422299
2026-03-06,2.6475971288356615,2.3085429329638343,1.514044849318916,3.2975953362534223
2026-03-09,2.690086714872499,2.339374901830203,1.5224874456879551,3.3542628966936094
2026-03-10,2.6884311994236025,2.3394135221521695,1.521914056800218,3.3610721267296615
2026-03-11,2.6897443482095573,2.3391052660457428,1.512706778917753,3.387539821193187
2026-03-12,2.641329149891927,2.2989584994026804,1.4893539199145012,3.2918991490965244
2026-03-13,2.618708794804026,2.2853323549518434,1.485944881905165,3.2435273912798603
2026-03-16,2.649452315590976,2.3109680065955973,1.4983382186627276,3.288265865855217
2026-03-17,2.659037583430946,2.3222460825688356,1.5002496779516277,3.3128510998559206
2026-03-18,2.6286326877365713,2.28987471708848,1.4750809081744543,3.2723073001536322
2026-03-19,2.6280907946367016,2.2826381165151566,1.4689002786456795,3.253880087042376
2026-03-20,2.5793461755342406,2.240451066521385,1.4555672021947406,3.183384518081658
2026-03-23,2.605466453439911,2.26616913958397,1.4749792961917902,3.2403754266224007
2026-03-24,2.588104527123297,2.2506757967619686,1.4724252071261001,3.2194155411840715
2026-03-25,2.6208391234178308,2.2654753867271844,1.481907786001057,3.2691466666524582
2026-03-26,2.5454733501498534,2.211403168138046,1.4664865295175475,3.1120412783540763
2026-03-27,2.4924855825610486,2.16819974430521,1.441199619918374,3.0454310007601357
2026-03-30,2.477163447487184,2.1516273873658327,1.4433386548412095,3.0189640201246224
2026-03-31,2.569157207357707,2.224468375961299,1.4788745851903518,3.170418641124698
