,strategy2_equity
2023-01-03,1.0
2023-01-04,1.0047640763142363
2023-01-05,0.9890353596170559
2023-01-06,1.016333807727527
2023-01-09,1.0229129216430075
2023-01-10,1.031571292710637
2023-01-11,1.049417769141582
2023-01-12,1.0550893053839914
2023-01-13,1.0623489848093775
2023-01-17,1.0645040696757788
2023-01-18,1.0506657473145038
2023-01-19,1.0403432876047474
2023-01-20,1.0688143571534794
2023-01-23,1.0925590287553058
2023-01-24,1.0903283516644477
2023-01-25,1.087908811757346
2023-01-26,1.1091199663908964
2023-01-27,1.120160316743195
2023-01-30,1.0975123211204794
2023-01-31,1.1139593994397934
2023-02-01,1.137780134245668
2023-02-02,1.1786148890542811
2023-02-03,1.1576680717165333
2023-02-06,1.147875346302463
2023-02-07,1.1716575785267216
2023-02-08,1.1508242672705566
2023-02-09,1.140653698479101
2023-02-10,1.133167124635447
2023-02-13,1.1513159699642186
2023-02-14,1.1598231565829347
2023-02-15,1.1687086575586279
2023-02-16,1.1467789058131481
2023-02-17,1.1386873586840454
2023-02-21,1.1117287223489354
2023-02-22,1.112560590052652
2023-02-23,1.1222779587320617
2023-02-24,1.1034864617505111
2023-02-27,1.1113885573388806
2023-02-28,1.1099515986048172
2023-03-01,1.1010284192617936
2023-03-02,1.1101408146557545
2023-03-03,1.1330915324109905
2023-03-06,1.134376953461447
2023-03-07,1.1204630388757153
2023-03-08,1.1260588651487702
2023-03-09,1.1065488888001878
2023-03-10,1.0910090349192512
2023-03-13,1.099100346558558
2023-03-14,1.1243573336291086
2023-03-15,1.1302557642897857
2023-03-16,1.1600500510012026
2023-03-17,1.1545674953199347
2023-03-20,1.1586650177671163
2023-03-21,1.1752135921884268
2023-03-22,1.1592329014097242
2023-03-23,1.1729792650057336
2023-03-24,1.1772963816875128
2023-03-27,1.1692301497114603
2023-03-28,1.163019812816226
2023-03-29,1.184226139908962
2023-03-30,1.19543533644486
2023-03-31,1.215316326966749
2023-04-03,1.2123628139476368
2023-04-04,1.208272944918819
2023-04-05,1.1963442093118082
2023-04-06,1.204410088053167
2023-04-10,1.2037285805840783
2023-04-11,1.196003220087468
2023-04-12,1.1854380881431241
2023-04-13,1.2086513770206937
2023-04-14,1.2063794892155681
2023-04-17,1.2074016326743033
2023-04-18,1.2074774603885559
2023-04-19,1.206909576745948
2023-04-20,1.1977076952295773
2023-04-21,1.1989572040861718
2023-04-24,1.196457833138289
2023-04-25,1.1738881378726818
2023-04-26,1.18100758312466
2023-04-27,1.2131202668758758
2023-04-28,1.221488985494653
2023-05-01,1.2200877034646553
2023-05-02,1.209446743806059
2023-05-03,1.2015322850034094
2023-05-04,1.1972909960358826
2023-05-05,1.222738847585941
2023-05-08,1.225768188319306
2023-05-09,1.2180053849451609
2023-05-10,1.2312591038883252
2023-05-11,1.2352731452028904
2023-05-12,1.2308425224395283
2023-05-15,1.2375074723855835
2023-05-16,1.2389087544155808
2023-05-17,1.253904391378389
2023-05-18,1.277193507970211
2023-05-19,1.2743154694306575
2023-05-22,1.2785947900002084
2023-05-23,1.2623868515685446
2023-05-24,1.2559113531632227
2023-05-25,1.2864715704355278
2023-05-26,1.319341471625187
2023-05-30,1.3253246786123576
2023-05-31,1.3177888874013783
2023-06-01,1.3330118897620458
2023-06-02,1.3430091380637816
2023-06-05,1.343955924787856
2023-06-06,1.3437289126246903
2023-06-07,1.3209318519612239
2023-06-08,1.3373288886989272
2023-06-09,1.342441018931378
2023-06-12,1.3651244557683637
2023-06-13,1.375613995488251
2023-06-14,1.3856113615348848
2023-06-15,1.4021221398439667
2023-06-16,1.393298690429471
2023-06-20,1.3913040918589177
2023-06-21,1.3723438664386653
2023-06-22,1.3885360270540097
2023-06-23,1.3747708242743353
2023-06-26,1.356341628343646
2023-06-27,1.3796624183130053
2023-06-28,1.3823548908934564
2023-06-29,1.3795867083436508
2023-06-30,1.400860150028194
2023-07-03,1.404159008832869
2023-07-05,1.4041213304655387
2023-07-06,1.3934278565824756
2023-07-07,1.3888015417987911
2023-07-10,1.3892565080843058
2023-07-11,1.3961198581833352
2023-07-12,1.4137528631143736
2023-07-13,1.4377566912364945
2023-07-14,1.437453144889689
2023-07-17,1.4508773584450232
2023-07-18,1.4627463973887949
2023-07-19,1.4624050549297611
2023-07-20,1.4286937486996547
2023-07-21,1.4244087763750044
2023-07-24,1.4266840787821693
2023-07-25,1.4363535252881305
2023-07-26,1.4315756728208393
2023-07-27,1.4281629546998877
2023-07-28,1.4541765704843919
2023-07-31,1.4549346121371205
2023-08-01,1.451559925618193
2023-08-02,1.4197066338770674
2023-08-03,1.4174315669596984
2023-08-04,1.4107953467687326
2023-08-07,1.4227402134267568
2023-08-08,1.410643338105534
2023-08-09,1.3951342156429514
2023-08-10,1.3977125934173302
2023-08-11,1.3888015417987911
2023-08-14,1.404386962955218
2023-08-15,1.3894837557372672
2023-08-16,1.3747708242743353
2023-08-17,1.3597542287196998
2023-08-18,1.358047869659224
2023-08-21,1.3799279330577867
2023-08-22,1.3779559415076317
2023-08-23,1.3996845849674853
2023-08-24,1.3697652531744908
2023-08-25,1.3803827815984036
2023-08-28,1.3907729446244568
2023-08-29,1.4211475959376598
2023-08-30,1.429072769526019
2023-08-31,1.4333578595955674
2023-09-01,1.4318411875656207
2023-09-05,1.433661288197475
2023-09-06,1.421033854366281
2023-09-07,1.410871056738087
2023-09-08,1.4128429305433445
2023-09-11,1.4294902929339992
2023-09-12,1.4136394747776888
2023-09-13,1.4190239489589997
2023-09-14,1.4306277086477859
2023-09-15,1.406131000383024
2023-09-18,1.4075970421068706
2023-09-19,1.4045966666183913
2023-09-20,1.3843559654333948
2023-09-21,1.3589881804139134
2023-09-22,1.359178220679136
2023-09-25,1.3656340556865074
2023-09-26,1.3451271332873422
2023-09-27,1.3482796351839181
2023-09-28,1.3595579479748878
2023-09-29,1.3605453566887402
2023-10-02,1.3718998504286561
2023-10-03,1.3478236091943223
2023-10-04,1.366165791645458
2023-10-05,1.3621402113308976
2023-10-06,1.3849636468514956
2023-10-09,1.392026927787172
2023-10-10,1.399735921742973
2023-10-11,1.4097235149630805
2023-10-12,1.4048245029958424
2023-10-13,1.3871659474219578
2023-10-16,1.4028499210579333
2023-10-17,1.3982549264170923
2023-10-18,1.3799128617108545
2023-10-19,1.3670011916961118
2023-10-20,1.3466084818479167
2023-10-23,1.3506717405298072
2023-10-24,1.3638111291771033
2023-10-25,1.330430803855015
2023-10-26,1.3050632543253293
2023-10-27,1.311329284557274
2023-10-30,1.3261017949385472
2023-10-31,1.3337215053908953
2023-11-01,1.3575430679003182
2023-11-02,1.3867809646146285
2023-11-03,1.4025113243194298
2023-11-06,1.4074326473341978
2023-11-07,1.4211585796140516
2023-11-08,1.4219663023964317
2023-11-09,1.405772096117401
2023-11-10,1.4373514868061064
2023-11-13,1.4377718143965987
2023-11-14,1.4731992888161551
2023-11-15,1.4769543532411318
2023-11-16,1.4734519696712132
2023-11-17,1.4741261658425862
2023-11-20,1.4912908051120972
2023-11-21,1.4861392693397728
2023-11-22,1.4882018438764668
2023-11-24,1.4868948077066615
2023-11-27,1.486017832308745
2023-11-28,1.4949629182288227
2023-11-29,1.49232779236398
2023-11-30,1.4868392417774392
2023-12-01,1.4901084388441892
2023-12-04,1.4757547023563384
2023-12-05,1.4807443407523093
2023-12-06,1.4732034046566513
2023-12-07,1.4937497270461977
2023-12-08,1.5004667091219308
2023-12-11,1.510168175421917
2023-12-12,1.5198573162958324
2023-12-13,1.538816030487484
2023-12-14,1.5435129503716833
2023-12-15,1.5515970967477648
2023-12-18,1.5598501373729756
2023-12-19,1.5697614818212124
2023-12-20,1.543281572740735
2023-12-21,1.5634981278300872
2023-12-22,1.5646574239745634
2023-12-26,1.575508056702041
2023-12-27,1.5808859337253223
2023-12-28,1.5760191447793626
2023-12-29,1.567381971518858
2024-01-02,1.5429471516816238
2024-01-03,1.5229209399682828
2024-01-04,1.515439631318661
2024-01-05,1.5168732884483396
2024-01-08,1.547241977488567
2024-01-09,1.547292194383353
2024-01-10,1.556462917756505
2024-01-11,1.5560696145065045
2024-01-12,1.5526114270495488
2024-01-16,1.552984404518638
2024-01-17,1.5426526539028875
2024-01-18,1.561158028615975
2024-01-19,1.5901559911038963
2024-01-22,1.5903845613141707
2024-01-23,1.5967187995500447
2024-01-24,1.6043341450123405
2024-01-25,1.5934661344746113
2024-01-26,1.584833683424587
2024-01-29,1.6039875194981363
2024-01-30,1.5942836939472034
2024-01-31,1.5627819535486462
2024-02-01,1.5808642259036836
2024-02-02,1.6054944159610183
2024-02-05,1.6000705341153747
2024-02-06,1.59907766648068
2024-02-07,1.615822417279235
2024-02-08,1.6196374959150739
2024-02-09,1.636660228450027
2024-02-12,1.6278968269658698
2024-02-13,1.601914210584166
2024-02-14,1.6207236009691115
2024-02-15,1.6311826579989452
2024-02-16,1.6170554760701725
2024-02-20,1.6024908542116145
2024-02-21,1.5969778730527517
2024-02-22,1.6421873416313082
2024-02-23,1.634903101596247
2024-02-26,1.6378375976400397
2024-02-27,1.6417015301604936
2024-02-28,1.6346601566018168
2024-02-29,1.6477151086729613
2024-03-01,1.671375642711387
2024-03-04,1.6584694575896226
2024-03-05,1.62667304872839
2024-03-06,1.6342057323503771
2024-03-07,1.6587230294397783
2024-03-08,1.6344109993152294
2024-03-11,1.63204942097146
2024-03-12,1.652102493924715
2024-03-13,1.6313494433688838
2024-03-14,1.6193530024535732
2024-03-15,1.6037151417184143
2024-03-18,1.6294407578120338
2024-03-19,1.6299961472536724
2024-03-20,1.6520999611889424
2024-03-21,1.6555013651290544
2024-03-22,1.6547630017264052
2024-03-25,1.6516688704093774
2024-03-26,1.6530570130592945
2024-03-27,1.6605580134235354
2024-03-28,1.6530354090280044
2024-04-01,1.655401663526489
2024-04-02,1.6326001812693285
2024-04-03,1.6379197386399134
2024-04-04,1.619256562057676
2024-04-05,1.6284412294799993
2024-04-08,1.6385837979954525
2024-04-09,1.648567783903674
2024-04-10,1.6298760667357322
2024-04-11,1.6560193709745488
2024-04-12,1.6286971134586428
2024-04-15,1.5937755352560947
2024-04-16,1.5886482008426677
2024-04-17,1.569573593821925
2024-04-18,1.5550435667617013
2024-04-19,1.5231379903839508
2024-04-22,1.5310705056003318
2024-04-23,1.556044502739725
2024-04-24,1.594614643037175
2024-04-25,1.6068244216571141
2024-04-26,1.6235237805435503
2024-04-29,1.6822390695232121
2024-04-30,1.6371507566176198
2024-05-01,1.6112614387961113
2024-05-02,1.6272838658120345
2024-05-03,1.6562564036913145
2024-05-06,1.6803372440768432
2024-05-07,1.665494855837488
2024-05-08,1.6579473340387552
2024-05-09,1.654046810004676
2024-05-10,1.64944568509652
2024-05-13,1.6580161324764053
2024-05-14,1.6791126026910954
2024-05-15,1.6958215635801799
2024-05-16,1.6973480704603623
2024-05-17,1.7034657732805965
2024-05-20,1.708361514117862
2024-05-21,1.7328939712316038
2024-05-22,1.720267208231429
2024-05-23,1.6979603800952783
2024-05-24,1.7252128944661513
2024-05-28,1.7289599810061977
2024-05-29,1.714055138995274
2024-05-30,1.7073507376887171
2024-05-31,1.7037741207315265
2024-06-03,1.7040905861114872
2024-06-04,1.7016041428187525
2024-06-05,1.7315856832145458
2024-06-06,1.7375428915321334
2024-06-07,1.7363610965483436
2024-06-10,1.7281161395996594
2024-06-11,1.7293488660242997
2024-06-12,1.7602141484008447
2024-06-13,1.777299940347144
2024-06-14,1.7747799874414305
2024-06-17,1.8086210511101115
2024-06-18,1.800899109126454
2024-06-20,1.7897647653000557
2024-06-21,1.7887536580068566
2024-06-24,1.7723817908834003
2024-06-25,1.7966171955463608
2024-06-26,1.815323359980473
2024-06-27,1.8222884081791133
2024-06-28,1.8185948940178807
2024-07-01,1.8467612893621892
2024-07-02,1.9086313689977823
2024-07-03,1.9497118921070324
2024-07-05,1.9800932099936337
2024-07-08,1.9914266539428143
2024-07-09,2.010236630995433
2024-07-10,2.031470937389333
2024-07-11,1.9553883240782364
2024-07-12,1.9774202938012717
2024-07-15,1.9884967148942825
2024-07-16,1.9951185451963143
2024-07-17,1.9254328207551796
2024-07-18,1.9178911712718922
2024-07-19,1.8829720418505715
2024-07-22,1.9301997281941594
2024-07-23,1.9138322501018565
2024-07-24,1.7988356675410921
2024-07-25,1.788685145268746
2024-07-26,1.8017770496386334
2024-07-29,1.8288426177099695
2024-07-30,1.791546628372037
2024-07-31,1.8518353592289731
2024-08-01,1.7811184756004252
2024-08-02,1.7331313444535938
2024-08-05,1.6811151228490997
2024-08-06,1.6922779506001726
2024-08-07,1.6603820067547148
2024-08-08,1.7165095448955974
2024-08-09,1.7235666947320598
2024-08-12,1.7230857322212874
2024-08-13,1.777534718581752
2024-08-14,1.7646702740225868
2024-08-15,1.827063347040779
2024-08-16,1.8336285546061435
2024-08-19,1.868994934075268
2024-08-20,1.8638806602163802
2024-08-21,1.875394602149854
2024-08-22,1.8246061758533703
2024-08-23,1.8605030693560942
2024-08-26,1.8297267653587905
2024-08-27,1.8259141312824827
2024-08-28,1.8011154539678906
2024-08-29,1.7996399855304956
2024-08-30,1.832934973417386
2024-09-03,1.7777625005520434
2024-09-04,1.7953029292129314
2024-09-05,1.816993472632861
2024-09-06,1.740565380464257
2024-09-09,1.7702554024388248
2024-09-10,1.8051674322543594
2024-09-11,1.8414833721914188
2024-09-12,1.8579973915153496
2024-09-13,1.8658891634761408
2024-09-16,1.852977190661158
2024-09-17,1.854863313062571
2024-09-18,1.8460071308573092
2024-09-19,1.9184201162050085
2024-09-20,1.9039148823559024
2024-09-23,1.9316267326855818
2024-09-24,1.9477413070288918
2024-09-25,1.9573723360912834
2024-09-26,1.965875116694583
2024-09-27,1.9686225270915747
2024-09-30,1.9743361965371018
2024-10-01,1.9453072373644402
2024-10-02,1.9290673663419176
2024-10-03,1.9136695893312876
2024-10-04,1.9543883598791911
2024-10-07,1.9217167068007592
2024-10-08,1.9500006821214528
2024-10-09,1.9520891716061226
2024-10-10,1.9406598840146652
2024-10-11,1.9034533634344961
2024-10-14,1.9153469493734967
2024-10-15,1.8914598423830566
2024-10-16,1.8947649943602942
2024-10-17,1.8948931685450923
2024-10-18,1.9030032422404561
2024-10-21,1.9033554659872007
2024-10-22,1.9000781102835327
2024-10-23,1.8699108971802554
2024-10-24,1.9752308535660812
2024-10-25,2.0030390604844794
2024-10-28,1.9926936835715767
2024-10-29,2.0044869369548417
2024-10-30,1.9765494637788237
2024-10-31,1.92363797665259
2024-11-01,1.9298506262301127
2024-11-04,1.9127634446626263
2024-11-05,1.9475731767480249
2024-11-06,2.061023660538944
2024-11-07,2.1030885199379656
2024-11-08,2.103952658316972
2024-11-11,2.102324976684568
2024-11-12,2.0958295815254644
2024-11-13,2.0899037222630765
2024-11-14,2.075775338199748
2024-11-15,2.025825603092027
2024-11-18,2.0423097272423365
2024-11-19,2.0559740480108353
2024-11-20,2.053457924370094
2024-11-21,2.060373203110164
2024-11-22,2.0641764209761067
2024-11-25,2.0694365231844403
2024-11-26,2.0773010569122445
2024-11-27,2.0606370108575747
2024-11-29,2.0785433131597433
2024-12-02,2.1038126216992463
2024-12-03,2.1098614977766625
2024-12-04,2.136143945034452
2024-12-05,2.1284863397724325
2024-12-06,2.1443921413200053
2024-12-09,2.122519441253007
2024-12-10,2.113195920135883
2024-12-11,2.151123304750981
2024-12-12,2.1382454484382567
2024-12-13,2.150958914402586
2024-12-16,2.1803386891911583
2024-12-17,2.1684353566925374
2024-12-18,2.092068385918772
2024-12-19,2.0786344139520896
2024-12-20,2.0953203793843747
2024-12-23,2.12448648565289
2024-12-24,2.1532953971310116
2024-12-26,2.1494641122099694
2024-12-27,2.124601320937284
2024-12-30,2.094098504192032
2024-12-31,2.0750472450674446
2025-01-02,2.071146158563575
2025-01-03,2.1107657790404946
2025-01-06,2.1406937951208476
2025-01-07,2.1026845306305635
2025-01-08,2.091642730218188
2025-01-10,2.0507934870878417
2025-01-13,2.0476237613972934
2025-01-14,2.0433643192954065
2025-01-15,2.0928567449231044
2025-01-16,2.076787618551239
2025-01-17,2.1139534423773187
2025-01-21,2.126574863476206
2025-01-22,2.15357140266103
2025-01-23,2.156135829809949
2025-01-24,2.1449761196248476
2025-01-27,2.073722484904601
2025-01-28,2.0991148317207555
2025-01-29,2.102198350128306
2025-01-30,2.113248513301231
2025-01-31,2.1045123092642846
2025-02-03,2.0861129206828966
2025-02-04,2.119642564215471
2025-02-05,2.112636174637607
2025-02-06,2.1186245333247737
2025-02-07,2.089396044629777
2025-02-10,2.118037180521057
2025-02-11,2.1148226379493082
2025-02-12,2.120986865410523
2025-02-13,2.155402938761582
2025-02-14,2.1653809001210607
2025-02-18,2.170976545131111
2025-02-19,2.175430196163827
2025-02-20,2.163892314429643
2025-02-21,2.112530170933126
2025-02-24,2.083065894845611
2025-02-25,2.039672043309606
2025-02-26,2.0403248139948857
2025-02-27,1.9750684653313457
2025-02-28,2.0085642260268237
2025-03-03,1.9646431991512614
2025-03-04,1.9568405021773152
2025-03-05,1.9844994743376858
2025-03-06,1.921787682084504
2025-03-07,1.9357759721473409
2025-03-10,1.8308986328324939
2025-03-11,1.842374097072327
2025-03-12,1.8978104653868253
2025-03-13,1.8558060683942066
2025-03-14,1.9080561053935026
2025-03-17,1.908825124333974
2025-03-18,1.8647184200161149
2025-03-19,1.9066526795626286
2025-03-20,1.9066383526037631
2025-03-21,1.9281755565307113
2025-03-24,2.027850955161755
2025-03-25,2.053795069811403
2025-03-26,1.9895955250361812
2025-03-27,1.9722076208083301
2025-03-28,1.9141951207371326
2025-03-31,1.9053079544970575
2025-04-01,1.9296028739425761
2025-04-02,1.9617371778398385
2025-04-03,1.8432417631428728
2025-04-04,1.7026234547844707
2025-04-07,1.6893165583797711
2025-04-08,1.626298331263138
2025-04-09,1.9147638678688477
2025-04-10,1.7951996116258337
2025-04-11,1.8385711152729751
2025-04-14,1.846823210152745
2025-04-15,1.8527951958545419
2025-04-16,1.7651631365439682
2025-04-17,1.7625487073457538
2025-04-21,1.7067493489982095
2025-04-22,1.7536784598347535
2025-04-23,1.8241127328850149
2025-04-24,1.8864814295966943
2025-04-25,1.950439184910179
2025-04-28,1.949270190954088
2025-04-29,1.9630489964359945
2025-04-30,1.9526520420668438
2025-05-01,1.9681321288735425
2025-05-02,2.0024695777806767
2025-05-05,1.9883341213765224
2025-05-06,1.9584325693649371
2025-05-07,1.9759406257231582
2025-05-08,2.005526188166132
2025-05-09,2.0340809594173344
2025-05-12,2.1530833032818144
2025-05-13,2.2213847448743524
2025-05-14,2.27311453086014
2025-05-15,2.243022608374876
2025-05-16,2.2670066563833435
2025-05-19,2.240412605144331
2025-05-20,2.2316024220622523
2025-05-21,2.1953166318664423
2025-05-22,2.2049146963769912
2025-05-23,2.1838640366885453
2025-05-27,2.2705588167185193
2025-05-28,2.2482842325895196
2025-05-29,2.2542137957966744
2025-05-30,2.2197777160939025
2025-06-02,2.246142313107917
2025-06-03,2.2677065617175165
2025-06-04,2.2659207811387296
2025-06-05,2.1696776911734426
2025-06-06,2.2053565074129984
2025-06-09,2.257443260797151
2025-06-10,2.3049074317794305
2025-06-11,2.2864365589251134
2025-06-12,2.2642770995990644
2025-06-13,2.247268684975809
2025-06-16,2.325237024894666
2025-06-17,2.297630970212931
2025-06-18,2.303440345703681
2025-06-20,2.303098742931851
2025-06-23,2.3620854095446595
2025-06-24,2.415206323228992
2025-06-25,2.4222791641969836
2025-06-26,2.43440237315291
2025-06-27,2.44060463548604
2025-06-30,2.4267304447159317
2025-07-01,2.365171591595931
2025-07-02,2.410587898489635
2025-07-03,2.4191131955636274
2025-07-07,2.3593846696103618
2025-07-08,2.3783405027454334
2025-07-09,2.3876515231199886
2025-07-10,2.438886421742948
2025-07-11,2.455466005747847
2025-07-14,2.4619872463079573
2025-07-15,2.501074384896917
2025-07-16,2.540620948663511
2025-07-17,2.5462328575763364
2025-07-18,2.5472770284748396
2025-07-21,2.5534264262082975
2025-07-22,2.543090600236762
2025-07-23,2.5682243201627584
2025-07-24,2.546086051197723
2025-07-25,2.5872282755992577
2025-07-28,2.6430554700226123
2025-07-29,2.6502938246856216
2025-07-30,2.656258924247326
2025-07-31,2.6197155017511973
2025-08-01,2.551002428843269
2025-08-04,2.602079104935208
2025-08-05,2.5839082011405745
2025-08-06,2.570635346314527
2025-08-07,2.629884674917527
2025-08-08,2.658438126629075
2025-08-11,2.6661380780771897
2025-08-12,2.6959420770146627
2025-08-13,2.7468846017073822
2025-08-14,2.7269640439829494
2025-08-15,2.696535849174202
2025-08-18,2.6965790083528427
2025-08-19,2.6231976260564482
2025-08-20,2.59574492004464
2025-08-21,2.575660327093792
2025-08-22,2.6496552544976
2025-08-25,2.634381603510186
2025-08-26,2.6648746426225354
2025-08-27,2.666640200767927
2025-08-28,2.6771728211880745
2025-08-29,2.6144574153079008
2025-09-02,2.593418316345087
2025-09-03,2.6139472782256514
2025-09-04,2.6360177736394412
2025-09-05,2.600887492714454
2025-09-08,2.6009133590895064
2025-09-09,2.626085316966652
2025-09-10,2.6351177396734564
2025-09-11,2.657131988788244
2025-09-12,2.7215184710268234
2025-09-15,2.7699229057314083
2025-09-16,2.787452293685698
2025-09-17,2.7846303911126364
2025-09-18,2.7711036546098766
2025-09-19,2.795438693492859
2025-09-22,2.831025880137445
2025-09-23,2.8101932265215215
2025-09-24,2.832404518523934
2025-09-25,2.800381035185573
2025-09-26,2.8230352871107933
2025-09-29,2.8427151531182364
2025-09-30,2.8481155432204357
2025-10-01,2.8893015133035296
2025-10-02,2.8865797471926506
2025-10-03,2.8453039704633643
2025-10-06,3.08813251013009
2025-10-07,3.090199324923922
2025-10-08,3.1263800872246854
2025-10-09,3.1178437901520537
2025-10-10,2.995723189448655
2025-10-13,3.0787934617085475
2025-10-14,3.0517301852277914
2025-10-15,3.0760288598780594
2025-10-16,3.055934135383059
2025-10-17,3.088705624153679
2025-10-20,3.1372080975099426
2025-10-21,3.133012188868541
2025-10-22,3.1023749724493426
2025-10-23,3.139733579489976
2025-10-24,3.1412260772409857
2025-10-27,3.214075978144176
2025-10-28,3.2467651299035323
2025-10-29,3.259587348851888
2025-10-30,3.1834096988714453
2025-10-31,3.237601852011001
2025-11-03,3.2687474234690477
2025-11-04,3.17864889621352
2025-11-05,3.223598424487311
2025-11-06,3.1512677536647695
2025-11-07,3.11695702788918
2025-11-10,3.1960123144470804
2025-11-11,3.180304320409955
2025-11-12,3.163691227229519
2025-11-13,3.0668691363896263
2025-11-14,3.0725315335738785
2025-11-17,3.0593393632398174
2025-11-18,3.0177127959929617
2025-11-19,3.036289278385638
2025-11-20,2.9657209028754963
2025-11-21,2.9764394715840776
2025-11-24,3.079698046480959
2025-11-25,3.0971270257778483
2025-11-26,3.130142805470567
2025-11-28,3.1557337333596864
2025-12-01,3.147434728939537
2025-12-02,3.165128509387649
2025-12-03,3.1996182679674927
2025-12-04,3.2099870720389414
2025-12-05,3.2208256308306873
2025-12-08,3.190988150240284
2025-12-09,3.203133312511734
2025-12-10,3.223500368973762
2025-12-11,3.208032781751016
2025-12-12,3.180225901591767
2025-12-15,3.1946001916407054
2025-12-16,3.223095117726125
2025-12-17,3.163348773635409
2025-12-18,3.2091863206421603
2025-12-19,3.2510188957724777
2025-12-22,3.266602751607244
2025-12-23,3.281901298783877
2025-12-24,3.291503032471032
2025-12-26,3.2912916329562396
2025-12-29,3.27535985547728
2025-12-30,3.267763028333473
2025-12-31,3.2407529480373167
2026-01-02,3.234475512063698
2026-01-05,3.260166523937017
2026-01-06,3.288812287807173
2026-01-07,3.2919777938241013
2026-01-08,3.2732497332975616
2026-01-09,3.3058520569415273
2026-01-12,3.308595086676221
2026-01-13,3.3036890041962734
2026-01-14,3.268396258635799
2026-01-15,3.2801607223208578
2026-01-16,3.277417369838813
2026-01-20,3.2077817241713538
2026-01-21,3.2511457354813533
2026-01-22,3.2747795557404897
2026-01-23,3.2851194126189904
2026-01-26,3.2995742982205574
2026-01-27,3.329485877200664
2026-01-28,3.340511572199676
2026-01-29,3.320517696563186
2026-01-30,3.280635483673927
2026-02-02,3.303161635025019
2026-02-03,3.2524118733386542
2026-02-04,3.195595429698762
2026-02-05,3.14959392703779
2026-02-06,3.216169605072042
2026-02-09,3.2408058786028526
2026-02-10,3.2257706932644954
2026-02-11,3.2344225814981615
2026-02-12,3.1686379572207906
2026-02-13,3.1753904772948296
2026-02-17,3.1721194328941804
2026-02-18,3.195806183718853
2026-02-19,3.183567281428076
2026-02-20,3.2117382839451634
2026-02-23,3.1726997326309707
2026-02-24,3.2067792708996796
2026-02-25,3.2532558576610717
2026-02-26,3.214006552326788
2026-02-27,3.2037193032664724
2026-03-02,3.20793987037326
2026-03-03,3.1735969702662743
2026-03-04,3.221972602439943
2026-03-05,3.2122653303690667
2026-03-06,3.163942628760934
2026-03-09,3.2061989711628893
2026-03-10,3.2062519017284252
2026-03-11,3.2058297481935414
2026-03-12,3.150807134329555
2026-03-13,3.1321316816212006
2026-03-16,3.1672662809797685
2026-03-17,3.182723297105659
2026-03-18,3.1383571552713363
2026-03-19,3.128439129180369
2026-03-20,3.070620232268802
2026-03-23,3.10586779320016
2026-03-24,3.0846335994944356
2026-03-25,3.102340614540525
2026-03-26,3.0306439668155325
2026-03-27,2.9655454128125984
2026-03-30,2.952023795984058
2026-03-31,3.0586792043511304
